BlockId,EventId,sequence_length,event_sequence
blk_-1030832046197982436,['E8'],1,E8
blk_-1046472716157313227,['E9'],1,E9
blk_-1049340855430710153,['E10'],1,E10
blk_-1055254430948037872,['E6'],1,E6
blk_-1067234447809438340,['E10'],1,E10
blk_-1071115021179995772,['E8'],1,E8
blk_-1082541280306680938,['E9'],1,E9
blk_-1090213273274684471,['E11'],1,E11
blk_-1094025072435547068,['E11'],1,E11
blk_-1096621677333075077,['E10'],1,E10
blk_-1101091099241306483,['E7'],1,E7
blk_-1110880362999960078,['E8'],1,E8
blk_-1111344660779690782,['E9'],1,E9
blk_-1125621902344947014,['E1'],1,E1
blk_-1133573997287815203,['E13'],1,E13
blk_-1141332313413855099,['E11'],1,E11
blk_-1148756466197125339,['E10'],1,E10
blk_-1162676743264290624,['E8'],1,E8
blk_-116589515245909549,['E13'],1,E13
blk_-1180596628202464893,['E9'],1,E9
blk_-11867600358649678,['E13'],1,E13
blk_-1197396592032418307,['E10'],1,E10
blk_-1201318815778694289,['E11'],1,E11
blk_-1227720343537039835,['E8'],1,E8
blk_-1233005817943453613,['E8'],1,E8
blk_-1236077201457689973,['E11'],1,E11
blk_-1237539644269634790,['E6'],1,E6
blk_-1250775350296476256,['E10'],1,E10
blk_-1259190292740306590,['E13'],1,E13
blk_-1263913006422225885,['E9'],1,E9
blk_-1271403908410292619,['E8'],1,E8
blk_-1278725622357466169,['E9'],1,E9
blk_-1281276222788579863,['E9'],1,E9
blk_-1282453782148343691,['E7'],1,E7
blk_-1305222006484630743,['E6'],1,E6
blk_-1306900105984505600,['E9'],1,E9
blk_-1312981516354612257,['E9'],1,E9
blk_-1331750856499198500,['E8'],1,E8
blk_-1332315107905285608,['E6'],1,E6
blk_-1335063409877429524,['E8'],1,E8
blk_-133919539232421451,['E8'],1,E8
blk_-1342669964196815853,['E8'],1,E8
blk_-1345585044778938153,['E9'],1,E9
blk_-1347057913082589493,['E9'],1,E9
blk_-1367876730256254709,['E3'],1,E3
blk_-1368324087589035770,['E9'],1,E9
blk_-1379379987510648393,['E6'],1,E6
blk_-1383276859207001328,['E14'],1,E14
blk_-1387034299358896632,['E10'],1,E10
blk_-1417908110808566576,['E6'],1,E6
blk_-1432303681669932458,['E1'],1,E1
blk_-1435656632270396446,['E6'],1,E6
blk_-1440254020029439248,['E11'],1,E11
blk_-1442905060580014339,['E1'],1,E1
blk_-1451819169209310732,['E9'],1,E9
blk_-1484647023667047838,['E10'],1,E10
blk_-1485109068671160157,['E11'],1,E11
blk_-1485317050914225917,['E10'],1,E10
blk_-1490623381339215624,['E10'],1,E10
blk_-1492402439215451727,['E9'],1,E9
blk_-1496429201748767714,['E6'],1,E6
blk_-1508527605812345693,['E3'],1,E3
blk_-1522107359378428427,['E11'],1,E11
blk_-1522998827901549925,['E11'],1,E11
blk_-1525964299678787959,['E8'],1,E8
blk_-1527267659500322006,['E10'],1,E10
blk_-1533191386601391937,['E7'],1,E7
blk_-1535908830476495455,['E9'],1,E9
blk_-1547954353065580372,['E14'],1,E14
blk_-1573544581830458089,['E8'],1,E8
blk_-1581605246928123722,['E9'],1,E9
blk_-1592043549272047369,['E11'],1,E11
blk_-1598760065436384831,['E9'],1,E9
blk_-1599621098605751235,['E9'],1,E9
blk_-1614641487214609125,['E11'],1,E11
blk_-1635752698830216319,['E6'],1,E6
blk_-1641081065757890722,['E8'],1,E8
blk_-1649239999940418046,['E10'],1,E10
blk_-165500353496111884,['E10'],1,E10
blk_-1657856234642335063,['E13'],1,E13
blk_-1661553043410372067,['E6'],1,E6
blk_-1674094254141559552,['E7'],1,E7
blk_-1675768179383804109,['E6'],1,E6
blk_-1680175975862749862,['E8'],1,E8
blk_-1680563440028826904,['E10'],1,E10
blk_-1690784932539647416,['E13'],1,E13
blk_-1693418636466747515,['E9'],1,E9
blk_-1704027189958470814,['E6'],1,E6
blk_-1727475099218615100,['E7'],1,E7
blk_-1728983474612515818,['E13'],1,E13
blk_-1732662141253491971,['E7'],1,E7
blk_-1733026139299872187,['E13'],1,E13
blk_-1733154814375651491,['E10'],1,E10
blk_-1733803097614960767,['E10'],1,E10
blk_-1750007847201154657,['E9'],1,E9
blk_-1751996688557225241,['E10'],1,E10
blk_-1753161039594546561,['E13'],1,E13
blk_-1754204887541031211,['E9'],1,E9
blk_-1755309160709170318,['E8'],1,E8
blk_-17685631368401548,['E7'],1,E7
blk_-1775264355226395799,['E9'],1,E9
blk_-178934379749864379,['E13'],1,E13
blk_-1798958443298220150,['E13'],1,E13
blk_-1800458850981311953,['E9'],1,E9
blk_-1821104627978106102,['E6'],1,E6
blk_-1842096107468319932,['E10'],1,E10
blk_-1846853350696018836,['E11'],1,E11
blk_-1849105860762445186,['E11'],1,E11
blk_-1851265222873801714,['E3'],1,E3
blk_-185994527242886002,['E11'],1,E11
blk_-1868325377308234190,['E13'],1,E13
blk_-1897524391075610396,['E9'],1,E9
blk_-190773840747023361,['E10'],1,E10
blk_-1910608563003942187,['E10'],1,E10
blk_-191333338640084691,['E10'],1,E10
blk_-1932467763723526131,['E6'],1,E6
blk_-1939956833921604216,['E9'],1,E9
blk_-1941312615450572331,['E7'],1,E7
blk_-1948505589144820414,['E6'],1,E6
blk_-1956140031907143783,['E11'],1,E11
blk_-1957299792594627113,['E10'],1,E10
blk_-1970947032352756307,['E6'],1,E6
blk_-2004529166303428909,['E7'],1,E7
blk_-2012430628930443984,['E8'],1,E8
blk_-2013946318750925538,['E11'],1,E11
blk_-2014243777892518956,['E10'],1,E10
blk_-2015110815660478655,['E13'],1,E13
blk_-2016403519138424998,['E7'],1,E7
blk_-2020273862360001901,['E11'],1,E11
blk_-2023442822091562967,['E6'],1,E6
blk_-2025578204394955498,['E8'],1,E8
blk_-2025617675484194470,['E10'],1,E10
blk_-20269367189114433,['E3'],1,E3
blk_-2032740670708110312,['E3'],1,E3
blk_-2035996502664501008,['E6'],1,E6
blk_-2051219911597308805,['E7'],1,E7
blk_-2068111211565768713,['E10'],1,E10
blk_-2073265102548439691,['E7'],1,E7
blk_-207775976836691685,['E7'],1,E7
blk_-2082401934988378573,['E11'],1,E11
blk_-2094397855762091248,['E11'],1,E11
blk_-2098161025946048013,['E9'],1,E9
blk_-210021574616486609,['E7'],1,E7
blk_-2117066166574895060,['E11'],1,E11
blk_-2125743956855238111,['E6'],1,E6
blk_-2129171714384027465,['E11'],1,E11
blk_-2141627858612526069,['E11'],1,E11
blk_-2144263949276079479,['E6'],1,E6
blk_-2151458111813215098,['E11'],1,E11
blk_-2192382893903170466,['E13'],1,E13
blk_-2194976790278647102,['E11'],1,E11
blk_-2210703755506918304,['E9'],1,E9
blk_-2225353020301959077,['E8'],1,E8
blk_-2230892279625104430,['E7'],1,E7
blk_-2242088550278361724,['E11'],1,E11
blk_-2243784245784480521,['E11'],1,E11
blk_-2250942073136893488,['E13'],1,E13
blk_-2268450354164990110,['E10'],1,E10
blk_-2268477281422551537,['E10'],1,E10
blk_-227411387418683230,['E11'],1,E11
blk_-2281067667503210140,['E6'],1,E6
blk_-2285729896739318683,['E1'],1,E1
blk_-2313277713021896570,['E13'],1,E13
blk_-2321016155994168744,['E6'],1,E6
blk_-2332150303475653460,['E6'],1,E6
blk_-2345355483730155757,['E6'],1,E6
blk_-23492739449820023,['E6'],1,E6
blk_-2402036602753320612,['E6'],1,E6
blk_-2421414377433740760,['E10'],1,E10
blk_-2425070029518924403,['E9'],1,E9
blk_-2439225174716664723,['E8'],1,E8
blk_-2445347158368483245,['E9'],1,E9
blk_-2451769929123196359,['E8'],1,E8
blk_-2452477352812192142,['E11'],1,E11
blk_-2466006073687914843,['E10'],1,E10
blk_-2480595760294717232,['E6'],1,E6
blk_-2492400942012223395,['E8'],1,E8
blk_-2506231977021079951,['E13'],1,E13
blk_-2518425063392446785,['E9'],1,E9
blk_-2530087534157630851,['E6'],1,E6
blk_-253282915050290778,['E9'],1,E9
blk_-2541428592126088938,['E7'],1,E7
blk_-2557432794238860908,['E1'],1,E1
blk_-2583370070230800221,['E13'],1,E13
blk_-2589662411410634043,['E8'],1,E8
blk_-2591043665372016488,['E10'],1,E10
blk_-2600305892036631113,['E6'],1,E6
blk_-2654726224018724510,['E6'],1,E6
blk_-265588615173040885,['E11'],1,E11
blk_-2656323385657954732,['E1'],1,E1
blk_-26568864070436835,['E10'],1,E10
blk_-2658615574293326723,['E9'],1,E9
blk_-2667669005094349452,['E13'],1,E13
blk_-2680500627064966252,['E10'],1,E10
blk_-2722768686407017386,['E9'],1,E9
blk_-272707591443354058,['E3'],1,E3
blk_-2746863406163228797,['E13'],1,E13
blk_-2780312306380730204,['E10'],1,E10
blk_-2794533871450434534,['E1'],1,E1
blk_-2808875502459981198,['E9'],1,E9
blk_-2826763604408365998,['E9'],1,E9
blk_-2827716238972737794,['E14'],1,E14
blk_-2834195813213005328,['E8'],1,E8
blk_-28342503914935090,['E13'],1,E13
blk_-2843780069100181052,['E6'],1,E6
blk_-2852294661215451806,['E6'],1,E6
blk_-2856928563366064757,['E11'],1,E11
blk_-2890295200276774269,['E9'],1,E9
blk_-2895171018912807248,['E6'],1,E6
blk_-2896670847306153652,['E10'],1,E10
blk_-2901225370888235702,['E1'],1,E1
blk_-2901266958756042716,['E13'],1,E13
blk_-2907776069874917892,['E8'],1,E8
blk_-290874442865281380,['E11'],1,E11
blk_-2916658835497879256,['E6'],1,E6
blk_-2918118818249673980,['E3'],1,E3
blk_-2923662094689783995,['E9'],1,E9
blk_-2929627680703662712,['E9'],1,E9
blk_-2934265883100282310,['E11'],1,E11
blk_-2935178173527646581,['E11'],1,E11
blk_-295306975763175640,['E13'],1,E13
blk_-29548654251973735,['E6'],1,E6
blk_-2959268996938658555,['E6'],1,E6
blk_-2975629975082443857,['E1'],1,E1
blk_-2989288139685694818,['E13'],1,E13
blk_-3010126661650043258,['E7'],1,E7
blk_-3023983271692989109,['E11'],1,E11
blk_-3025440686907267472,['E10'],1,E10
blk_-3055230140330616860,['E7'],1,E7
blk_-305633040016166849,['E3'],1,E3
blk_-3056652732896088330,['E3'],1,E3
blk_-309134958179110212,['E1'],1,E1
blk_-3091906986951252347,['E7'],1,E7
blk_-3134225108208373949,['E1'],1,E1
blk_-3140031507252212554,['E3'],1,E3
blk_-3140754468249228022,['E3'],1,E3
blk_-3152434225121092058,['E7'],1,E7
blk_-3157541550945505354,['E13'],1,E13
blk_-3170270010972115378,['E6'],1,E6
blk_-3172594752427649592,['E13'],1,E13
blk_-3183355402229300197,['E10'],1,E10
blk_-3184700311670257792,['E6'],1,E6
blk_-3187293586306086277,['E13'],1,E13
blk_-3225035678192156905,['E8'],1,E8
blk_-3228470001178394592,['E10'],1,E10
blk_-323838382557775734,['E8'],1,E8
blk_-3242342105286997235,['E8'],1,E8
blk_-3249711809227781266,['E6'],1,E6
blk_-3253005280055520211,['E6'],1,E6
blk_-3261177124784025140,['E13'],1,E13
blk_-3265479347842446682,['E13'],1,E13
blk_-3275237990609680332,['E6'],1,E6
blk_-3275788837420923000,['E8'],1,E8
blk_-3276232266876914214,['E11'],1,E11
blk_-3283153974358895314,['E11'],1,E11
blk_-328970571549408286,['E8'],1,E8
blk_-3295982945091621137,['E10'],1,E10
blk_-3300851862683571086,['E11'],1,E11
blk_-3316519570098743145,['E8'],1,E8
blk_-3329473910909732817,['E6'],1,E6
blk_-3339018122410311668,['E10'],1,E10
blk_-3358448553918665902,['E1'],1,E1
blk_-3362838757940877177,['E8'],1,E8
blk_-3363550789841756902,['E10'],1,E10
blk_-337665304078248571,['E13'],1,E13
blk_-337972286882621518,['E11'],1,E11
blk_-3384560576963801177,['E1'],1,E1
blk_-3396836569886642130,['E9'],1,E9
blk_-3402248757106237109,['E10'],1,E10
blk_-3417101330634563680,['E13'],1,E13
blk_-3436382429367583573,['E11'],1,E11
blk_-3437475890798229344,['E9'],1,E9
blk_-3452734573703603740,['E10'],1,E10
blk_-3455521536483250153,['E11'],1,E11
blk_-3457731723401426942,['E1'],1,E1
blk_-3482997549732691785,['E11'],1,E11
blk_-3486808304671603275,['E13'],1,E13
blk_-3491385689517593364,['E11'],1,E11
blk_-3509323198988774369,['E13'],1,E13
blk_-3510473878877779134,['E6'],1,E6
blk_-352190670750948803,['E10'],1,E10
blk_-3522956055443924791,['E7'],1,E7
blk_-3564493590065542578,['E9'],1,E9
blk_-3572295706132449090,['E3'],1,E3
blk_-3573208405519699182,['E6'],1,E6
blk_-3575568207121859434,['E6'],1,E6
blk_-3575718350717794894,['E9'],1,E9
blk_-357695136519539363,['E10'],1,E10
blk_-3582070652284403613,['E8'],1,E8
blk_-3594701313167635091,['E9'],1,E9
blk_-3607708283707030582,['E9'],1,E9
blk_-3607860197409267245,['E11'],1,E11
blk_-3612946656596896413,['E13'],1,E13
blk_-3620767662957963389,['E11'],1,E11
blk_-3622135859810774312,['E6'],1,E6
blk_-3636681193077858741,['E9'],1,E9
blk_-3657665801189425193,['E1'],1,E1
blk_-3657751236932275338,['E13'],1,E13
blk_-3663004104512304532,['E6'],1,E6
blk_-3671953658029337449,['E8'],1,E8
blk_-3673133694834392576,['E13'],1,E13
blk_-3677956642639780952,['E11'],1,E11
blk_-3681974396824196300,['E8'],1,E8
blk_-3684613761619321001,['E6'],1,E6
blk_-3693786175267111588,['E11'],1,E11
blk_-3696162841836791939,['E1'],1,E1
blk_-3702595599317472079,['E11'],1,E11
blk_-3710747952520609225,['E10'],1,E10
blk_-3724350946705225881,['E6'],1,E6
blk_-3734839878416656496,['E11'],1,E11
blk_-3738901473077208093,['E13'],1,E13
blk_-3741526967786688540,['E11'],1,E11
blk_-3752135158991310104,['E13'],1,E13
blk_-3754029959138975487,['E8'],1,E8
blk_-3787594914477940893,['E11'],1,E11
blk_-3792836284792472725,['E8'],1,E8
blk_-3802183646922512795,['E10'],1,E10
blk_-3805070405372551730,['E11'],1,E11
blk_-3816036740130815667,['E11'],1,E11
blk_-3845286823494684378,['E11'],1,E11
blk_-3854777877236596649,['E8'],1,E8
blk_-3860035787700398391,['E9'],1,E9
blk_-3860894070657427592,['E1'],1,E1
blk_-3884471885525630813,['E13'],1,E13
blk_-3888538223380979891,['E6'],1,E6
blk_-3894803026385053344,['E8'],1,E8
blk_-3897674589140998025,['E6'],1,E6
blk_-3909548841543565741,['E11'],1,E11
blk_-3922743468150895472,['E11'],1,E11
blk_-3949633496933134307,['E6'],1,E6
blk_-3955287039966096707,['E6'],1,E6
blk_-3967261531426400230,['E10'],1,E10
blk_-3981735565440284420,['E11'],1,E11
blk_-3990317238913332296,['E6'],1,E6
blk_-4034227974316905164,['E11'],1,E11
blk_-4052810234606327693,['E6'],1,E6
blk_-4067446915270471579,['E11'],1,E11
blk_-4068751061953213467,['E10'],1,E10
blk_-4071286774767564790,['E11'],1,E11
blk_-4092973201423074374,['E6'],1,E6
blk_-409558225151784282,['E6'],1,E6
blk_-4110699195744660699,['E9'],1,E9
blk_-4110733372292809607,['E6'],1,E6
blk_-4117999745005013424,['E14'],1,E14
blk_-4139299269696044017,['E7'],1,E7
blk_-4149539113118855204,['E8'],1,E8
blk_-4165176068096983220,['E9'],1,E9
blk_-4165562468976768862,['E10'],1,E10
blk_-4174618838156947380,['E6'],1,E6
blk_-4181768899028058192,['E3'],1,E3
blk_-41928108292416895,['E10'],1,E10
blk_-4196449318426994195,['E10'],1,E10
blk_-420564586555502239,['E11'],1,E11
blk_-420818767915591010,['E6'],1,E6
blk_-4208396523159735354,['E6'],1,E6
blk_-4223625526513535681,['E9'],1,E9
blk_-4229375751333894621,['E10'],1,E10
blk_-424018194735922479,['E8'],1,E8
blk_-4265150363959543078,['E8'],1,E8
blk_-4269939382058952254,['E8'],1,E8
blk_-4289592006812254261,['E10'],1,E10
blk_-4295805058711840933,['E9'],1,E9
blk_-4298255715894292387,['E9'],1,E9
blk_-4301178988618507084,['E9'],1,E9
blk_-4304240611296196935,['E9'],1,E9
blk_-4311652947826112510,['E9'],1,E9
blk_-4312777901444596370,['E7'],1,E7
blk_-4325209272072286951,['E10'],1,E10
blk_-4330512786228504138,['E11'],1,E11
blk_-4334868513923498900,['E13'],1,E13
blk_-4342304152206614489,['E6'],1,E6
blk_-4347054230277727863,['E6'],1,E6
blk_-4352313989800650828,['E9'],1,E9
blk_-4358842839092719327,['E11'],1,E11
blk_-4365612131648152536,['E13'],1,E13
blk_-4368236874477798428,['E9'],1,E9
blk_-4380385204018751771,['E9'],1,E9
blk_-4385347171136037814,['E8'],1,E8
blk_-4390972361898978900,['E7'],1,E7
blk_-4405302133414008227,['E6'],1,E6
blk_-4411589101766563890,"['E10', 'E12']",2,E10 E12
blk_-4424971182856566289,['E10'],1,E10
blk_-4427507243535536615,['E6'],1,E6
blk_-4430291708660291878,['E10'],1,E10
blk_-4433556521525567493,['E11'],1,E11
blk_-4434479572312007079,['E13'],1,E13
blk_-4438918035940270891,['E8'],1,E8
blk_-4455205822455130625,['E6'],1,E6
blk_-4468166796563085237,['E13'],1,E13
blk_-4468645577339843974,['E7'],1,E7
blk_-4473020641607592551,['E13'],1,E13
blk_-4473277914543734578,['E13'],1,E13
blk_-4510259260131940043,['E6'],1,E6
blk_-4526931594457272384,['E13'],1,E13
blk_-4551689611865410817,['E9'],1,E9
blk_-4566099704755845087,['E10'],1,E10
blk_-4578850505370039622,['E10'],1,E10
blk_-4582442491366282435,['E10'],1,E10
blk_-4590972095204776122,['E3'],1,E3
blk_-4595094649363595358,['E6'],1,E6
blk_-4598246018559857954,['E9'],1,E9
blk_-4619809198345103330,['E6'],1,E6
blk_-4624597753370705281,['E10'],1,E10
blk_-4633546693082073737,['E10'],1,E10
blk_-463998587096565542,['E7'],1,E7
blk_-4651707530079874243,['E6'],1,E6
blk_-4654885003331291932,['E7'],1,E7
blk_-4655280636272058732,['E13'],1,E13
blk_-4657423175636611807,['E8'],1,E8
blk_-4657886075935807358,['E13'],1,E13
blk_-4673509946769671609,['E13'],1,E13
blk_-4681205519208992498,['E8'],1,E8
blk_-4684475480143348818,['E10'],1,E10
blk_-468830939205980722,['E9'],1,E9
blk_-4702684774678057084,['E8'],1,E8
blk_-4737948505610037427,['E3'],1,E3
blk_-4741127506068309449,['E6'],1,E6
blk_-476906696485288376,['E6'],1,E6
blk_-4775386099844009890,['E11'],1,E11
blk_-4779205255695723216,['E10'],1,E10
blk_-4794867979917102672,['E6'],1,E6
blk_-4799092443170733505,['E10'],1,E10
blk_-4801855948459616884,['E7'],1,E7
blk_-4831379247767940447,['E13'],1,E13
blk_-4841792440390267307,['E3'],1,E3
blk_-4844505495441326897,['E9'],1,E9
blk_-4846710336436578833,['E11'],1,E11
blk_-4853183643928986291,['E10'],1,E10
blk_-4854562124894030819,['E13'],1,E13
blk_-4861262918414696307,['E13'],1,E13
blk_-4875138366845786590,['E6'],1,E6
blk_-488298625688742454,['E7'],1,E7
blk_-490230821467544285,['E8'],1,E8
blk_-4917866339076366459,['E10'],1,E10
blk_-4935573595350235765,['E11'],1,E11
blk_-4937215748597091532,['E10'],1,E10
blk_-4941547144875557718,['E9'],1,E9
blk_-4945182943709543868,['E6'],1,E6
blk_-4954795063440871977,['E8'],1,E8
blk_-4956232013010963754,['E13'],1,E13
blk_-4967783186426171722,['E13'],1,E13
blk_-4970213618915792510,['E6'],1,E6
blk_-4980916519894289629,['E14'],1,E14
blk_-4984504651603069357,['E14'],1,E14
blk_-5003122231679852524,['E13'],1,E13
blk_-500534246236005335,['E7'],1,E7
blk_-5005618994659797504,['E8'],1,E8
blk_-5009020203888190378,['E13'],1,E13
blk_-5009274684359267777,['E6'],1,E6
blk_-5012639079435860269,['E6'],1,E6
blk_-5014786445735476734,['E9'],1,E9
blk_-5029807829679779067,['E13'],1,E13
blk_-5045144756510626150,['E11'],1,E11
blk_-5057534532247887258,['E13'],1,E13
blk_-5073870177832699716,['E10'],1,E10
blk_-5078186985701364847,['E13'],1,E13
blk_-5086369325828333421,['E1'],1,E1
blk_-5102453487463005287,['E10'],1,E10
blk_-5124326558394984439,['E11'],1,E11
blk_-5135777574223073423,['E13'],1,E13
blk_-5140072410813878235,['E4'],1,E4
blk_-5144503768267321004,['E13'],1,E13
blk_-5144548163293169177,['E10'],1,E10
blk_-5145508449157510071,['E13'],1,E13
blk_-5145886774827574591,['E8'],1,E8
blk_-5159573936338473350,['E6'],1,E6
blk_-518701095493827363,['E11'],1,E11
blk_-5195432543794777448,['E11'],1,E11
blk_-5205950257901523262,['E9'],1,E9
blk_-5214060566378896158,['E6'],1,E6
blk_-5215520749152394224,['E10'],1,E10
blk_-5217146995455608468,['E13'],1,E13
blk_-5224756755359850354,['E13'],1,E13
blk_-522892190802801712,['E13'],1,E13
blk_-5236578579938215340,['E11'],1,E11
blk_-5236655516146555545,['E1'],1,E1
blk_-524128780228307052,['E6'],1,E6
blk_-5255262711039499896,['E7'],1,E7
blk_-5263787695149681326,['E10'],1,E10
blk_-5293091556505218722,['E8'],1,E8
blk_-5306443381473737599,['E11'],1,E11
blk_-5309211894896608429,['E11'],1,E11
blk_-531469051872229488,['E8'],1,E8
blk_-5319073033164653435,['E7'],1,E7
blk_-5321676321043683563,['E10'],1,E10
blk_-5330522460969948971,['E6'],1,E6
blk_-5340841684362207777,['E11'],1,E11
blk_-5340885607150360719,['E3'],1,E3
blk_-5341992729755584578,['E1'],1,E1
blk_-5343533992609553091,['E7'],1,E7
blk_-5344266425789048231,['E9'],1,E9
blk_-5352085087037370841,['E6'],1,E6
blk_-5362598472846558076,['E8'],1,E8
blk_-5363213609331400263,['E6'],1,E6
blk_-5368528328022648701,['E8'],1,E8
blk_-5382946262718129284,['E8'],1,E8
blk_-5385105076403314787,['E11'],1,E11
blk_-5400783031085008882,['E6'],1,E6
blk_-5403209762224435166,['E8'],1,E8
blk_-5404881839098659470,['E6'],1,E6
blk_-5421365489363678155,['E11'],1,E11
blk_-54240672253074715,['E10'],1,E10
blk_-5427918313707752877,['E6'],1,E6
blk_-5429042599096020592,['E9'],1,E9
blk_-5429479049793046826,['E9'],1,E9
blk_-5439682406172672049,['E13'],1,E13
blk_-5442040196315589272,['E10'],1,E10
blk_-5450224419450631495,['E11'],1,E11
blk_-5455316994110506037,['E6'],1,E6
blk_-5471660287004025096,['E6'],1,E6
blk_-5504500392858491441,['E10'],1,E10
blk_-5511630179413516751,['E6'],1,E6
blk_-5513640508500780385,['E8'],1,E8
blk_-5534560875087182998,['E11'],1,E11
blk_-5542336029922582303,['E6'],1,E6
blk_-5569558931000121451,['E10'],1,E10
blk_-5580048401594934039,['E6'],1,E6
blk_-5580322334454533924,['E10'],1,E10
blk_-5581540863377925517,['E7'],1,E7
blk_-5586529360624346565,['E11'],1,E11
blk_-5587827566367944828,['E10'],1,E10
blk_-5598693099021996971,['E9'],1,E9
blk_-5603192027616633151,['E9'],1,E9
blk_-5610308397633191834,['E10'],1,E10
blk_-5613694521084380933,['E7'],1,E7
blk_-5623176793330377570,['E13'],1,E13
blk_-5624558200776510955,['E8'],1,E8
blk_-562725280853087685,['E11'],1,E11
blk_-5633587983998853189,['E11'],1,E11
blk_-5644397018622018109,['E11'],1,E11
blk_-5646228903161999640,['E13'],1,E13
blk_-566178736644429906,['E8'],1,E8
blk_-5668584889663038916,['E11'],1,E11
blk_-5671206752084326639,['E11'],1,E11
blk_-5680441982827916621,['E10'],1,E10
blk_-5704899712662113150,['E11'],1,E11
blk_-5718504625725408070,['E9'],1,E9
blk_-5718873743060788176,['E6'],1,E6
blk_-5719934513583495857,['E1'],1,E1
blk_-5722491454804415982,['E10'],1,E10
blk_-5739126205963920408,['E6'],1,E6
blk_-5773244829531118765,['E6'],1,E6
blk_-577659324269246113,['E11'],1,E11
blk_-5777981614298940026,['E11'],1,E11
blk_-5785220384376578831,['E11'],1,E11
blk_-5799866343936729403,['E10'],1,E10
blk_-5802915611610989626,['E8'],1,E8
blk_-5808893254440551816,['E13'],1,E13
blk_-5814328448485070742,['E11'],1,E11
blk_-5815145248455404269,['E11'],1,E11
blk_-5817942497672492100,['E13'],1,E13
blk_-5828360070550196756,['E10'],1,E10
blk_-5836693155656083066,['E13'],1,E13
blk_-5852844080027817147,['E10'],1,E10
blk_-5861348317118763621,['E6'],1,E6
blk_-5861636720645142679,['E11'],1,E11
blk_-5880591395067598620,['E9'],1,E9
blk_-5882295985950637419,['E6'],1,E6
blk_-5892603381347650390,['E13'],1,E13
blk_-5908283405801966540,['E10'],1,E10
blk_-591552904934794824,['E7'],1,E7
blk_-5919767990596301121,['E1'],1,E1
blk_-5927343391895571936,['E6'],1,E6
blk_-5934436507161953485,['E9'],1,E9
blk_-5935642747315643391,['E3'],1,E3
blk_-5949883083428548093,['E6'],1,E6
blk_-5954527587435406374,['E11'],1,E11
blk_-5957060034695163774,['E13'],1,E13
blk_-5960135894031733009,['E11'],1,E11
blk_-5961895238114806886,['E6'],1,E6
blk_-5963475042722370536,['E6'],1,E6
blk_-5970165518655489569,['E11'],1,E11
blk_-5972745462629982078,['E8'],1,E8
blk_-5974833545991408899,['E11'],1,E11
blk_-6008397446568765070,['E9'],1,E9
blk_-6031720401337601269,['E11'],1,E11
blk_-6035642070260562886,['E10'],1,E10
blk_-6050976999174805557,['E1'],1,E1
blk_-6053005391233809507,['E9'],1,E9
blk_-6056336045486998577,['E8'],1,E8
blk_-6068451475575444798,['E8'],1,E8
blk_-6068587951382721748,['E6'],1,E6
blk_-6075803209168884005,['E9'],1,E9
blk_-608202790716579401,['E8'],1,E8
blk_-6114220623980201749,['E8'],1,E8
blk_-6117917602803602155,['E8'],1,E8
blk_-6127741703501838658,['E9'],1,E9
blk_-6131345369657245178,['E9'],1,E9
blk_-6135061626100136978,['E13'],1,E13
blk_-6136511938931864993,['E8'],1,E8
blk_-615578808743808725,['E10'],1,E10
blk_-6160667975382232149,['E14'],1,E14
blk_-6168484338203583997,['E11'],1,E11
blk_-6177194341369822651,['E9'],1,E9
blk_-6213380972217661202,['E13'],1,E13
blk_-6220821375880228145,['E10'],1,E10
blk_-6224982681533811277,['E6'],1,E6
blk_-6247364168500873179,['E6'],1,E6
blk_-6250368566161066085,['E13'],1,E13
blk_-6255015379143356507,['E8'],1,E8
blk_-6261136177206340449,['E8'],1,E8
blk_-626413149556394155,['E9'],1,E9
blk_-6276023454199613372,['E13'],1,E13
blk_-6289001686128460561,['E8'],1,E8
blk_-62891505109755100,['E3'],1,E3
blk_-6290631608800952376,['E3'],1,E3
blk_-6292499669518281202,['E9'],1,E9
blk_-6299730951392868297,['E6'],1,E6
blk_-6308508598639278892,['E6'],1,E6
blk_-6314365697827006048,['E6'],1,E6
blk_-6325232815283133921,['E6'],1,E6
blk_-6329494504520216748,['E13'],1,E13
blk_-6330812010936261924,['E6'],1,E6
blk_-633826175832239328,['E10'],1,E10
blk_-6338549285508312302,['E6'],1,E6
blk_-6350492516478706425,['E9'],1,E9
blk_-6369730481066968769,['E10'],1,E10
blk_-6380328072112550668,['E13'],1,E13
blk_-6390296685077811803,['E6'],1,E6
blk_-6400421658804613208,['E9'],1,E9
blk_-6412155847905320411,['E13'],1,E13
blk_-6431101765137189231,['E9'],1,E9
blk_-643763844763678010,['E9'],1,E9
blk_-6441360440068187612,['E11'],1,E11
blk_-6442394521537090621,['E6'],1,E6
blk_-6449891932967810179,['E6'],1,E6
blk_-6454539193224916125,['E10'],1,E10
blk_-6464763289185102366,['E6'],1,E6
blk_-6464892000340112134,['E11'],1,E11
blk_-6477590833521072407,['E8'],1,E8
blk_-6486714614940767660,['E13'],1,E13
blk_-6500549130351529113,['E10'],1,E10
blk_-6502143621885580798,['E11'],1,E11
blk_-6520030462660619051,['E1'],1,E1
blk_-6525012344542022819,['E10'],1,E10
blk_-653434419514937486,['E10'],1,E10
blk_-6540455811923725840,['E6'],1,E6
blk_-6543889749770222531,['E13'],1,E13
blk_-6555060221133060529,['E6'],1,E6
blk_-657087263710195616,['E1'],1,E1
blk_-6582383997201802925,['E6'],1,E6
blk_-6592952246351162022,['E6'],1,E6
blk_-6608350831463251448,['E13'],1,E13
blk_-6618090096819679591,['E13'],1,E13
blk_-6620182933895093708,['E7'],1,E7
blk_-663653551898848389,['E13'],1,E13
blk_-6640779266188771131,['E8'],1,E8
blk_-664656559337730574,['E1'],1,E1
blk_-6670958622368987959,['E10'],1,E10
blk_-667933171485085225,['E3'],1,E3
blk_-6695620358347030339,['E10'],1,E10
blk_-6719337521981113643,['E11'],1,E11
blk_-6750694665033046901,['E9'],1,E9
blk_-6754647973871368247,['E7'],1,E7
blk_-6766351519628312408,['E10'],1,E10
blk_-6773301007994789531,['E10'],1,E10
blk_-6783506473540833076,['E8'],1,E8
blk_-6802124772693111025,['E8'],1,E8
blk_-6802153775367591521,['E7'],1,E7
blk_-6809181994368905854,['E13'],1,E13
blk_-6811519872198278365,['E11'],1,E11
blk_-6811828069408410657,['E10'],1,E10
blk_-6832799704680039005,['E11'],1,E11
blk_-6836642008179678048,['E6'],1,E6
blk_-6837050820114491742,['E10'],1,E10
blk_-6841570414687342011,['E7'],1,E7
blk_-684595390732854503,['E11'],1,E11
blk_-6865167803683277211,['E10'],1,E10
blk_-6867873931012347356,['E11'],1,E11
blk_-6883339133893273874,['E10'],1,E10
blk_-6884056342993438262,['E13'],1,E13
blk_-6891122177443047531,['E9'],1,E9
blk_-6900989714336081087,['E3'],1,E3
blk_-6901909114834172466,['E9'],1,E9
blk_-6909400912794057067,['E6'],1,E6
blk_-6909607053783233975,['E7'],1,E7
blk_-6921441628286995043,['E8'],1,E8
blk_-6927870228542972281,['E13'],1,E13
blk_-6932221506331060207,['E8'],1,E8
blk_-6934248664959947757,['E10'],1,E10
blk_-6942784423611603919,['E9'],1,E9
blk_-6945615463687647586,['E6'],1,E6
blk_-6952295868487656571,['E10'],1,E10
blk_-6956067134432991406,['E6'],1,E6
blk_-6966935672736779591,['E11'],1,E11
blk_-6978845808078082463,['E8'],1,E8
blk_-6979800421545566530,['E11'],1,E11
blk_-6986311820863339652,['E11'],1,E11
blk_-6991853982611346454,['E10'],1,E10
blk_-6995454028444097802,['E6'],1,E6
blk_-6997219177553478996,['E10'],1,E10
blk_-7007208336332784130,['E11'],1,E11
blk_-7017553867379051457,['E6'],1,E6
blk_-7024895786822269814,['E10'],1,E10
blk_-7029628814943626474,"['E11', 'E3']",2,E11 E3
blk_-7030770677241078854,['E6'],1,E6
blk_-703436021914343546,['E10'],1,E10
blk_-7048088870427586736,['E13'],1,E13
blk_-7056746602297676104,['E11'],1,E11
blk_-7096508472270520039,['E9'],1,E9
blk_-7105305952901940477,['E7'],1,E7
blk_-7106479503467535906,['E9'],1,E9
blk_-7111788899695387329,['E8'],1,E8
blk_-7115635482536854135,['E6'],1,E6
blk_-7125370327234065733,['E3'],1,E3
blk_-71429470616906355,['E11'],1,E11
blk_-7152190882826520998,['E11'],1,E11
blk_-7159695919045792245,['E10'],1,E10
blk_-7170175035335391571,['E10'],1,E10
blk_-7172347691639518373,['E13'],1,E13
blk_-719178972315562824,['E6'],1,E6
blk_-719470845056640928,['E8'],1,E8
blk_-719498947487451844,['E13'],1,E13
blk_-7200400342436668240,['E10'],1,E10
blk_-7202857144668308473,['E11'],1,E11
blk_-7207514537719465756,['E11'],1,E11
blk_-7227576651324043655,['E13'],1,E13
blk_-7228803354694123939,['E13'],1,E13
blk_-7230947007726948080,['E13'],1,E13
blk_-7238035741206373733,['E13'],1,E13
blk_-7247291679155656679,['E11'],1,E11
blk_-7256345477493725857,['E10'],1,E10
blk_-7266711648018793699,['E13'],1,E13
blk_-7269672042149855641,['E10'],1,E10
blk_-7282356322111075290,['E6'],1,E6
blk_-7285565997486715015,['E8'],1,E8
blk_-7293871043749246063,['E13'],1,E13
blk_-730776401372551814,['E10'],1,E10
blk_-7319442762668598889,['E10'],1,E10
blk_-7350482598011027441,['E13'],1,E13
blk_-7353572928777348242,['E9'],1,E9
blk_-7355153279766988632,['E13'],1,E13
blk_-736188013503336717,['E10'],1,E10
blk_-7364557883931785608,['E1'],1,E1
blk_-7367386750462511488,['E7'],1,E7
blk_-7369651436133452001,['E8'],1,E8
blk_-7372087176866857012,['E3'],1,E3
blk_-7380871572601322244,['E11'],1,E11
blk_-7389979618829759505,['E13'],1,E13
blk_-7391656937286046074,['E3'],1,E3
blk_-7411687001739959508,['E13'],1,E13
blk_-7411858598798393933,['E9'],1,E9
blk_-7413910507260978729,['E7'],1,E7
blk_-7418372263556457716,['E13'],1,E13
blk_-7418499425236853516,['E8'],1,E8
blk_-7423574498760490375,['E9'],1,E9
blk_-743349875664670637,['E1'],1,E1
blk_-7436749154361133879,['E10'],1,E10
blk_-7446091384471755694,['E9'],1,E9
blk_-7458279618877678162,['E7'],1,E7
blk_-7460532841070848624,['E13'],1,E13
blk_-7464161062429228045,['E9'],1,E9
blk_-747046374856916711,['E6'],1,E6
blk_-7483426835701512490,['E10'],1,E10
blk_-7486746679002157277,['E13'],1,E13
blk_-749176535135404637,['E7'],1,E7
blk_-7492294065771709299,['E13'],1,E13
blk_-7512746652453970810,['E10'],1,E10
blk_-7513928662244669476,['E9'],1,E9
blk_-7514806214244798312,['E11'],1,E11
blk_-7515058933811567980,['E9'],1,E9
blk_-7522572236891389139,['E6'],1,E6
blk_-7526023914950151999,['E13'],1,E13
blk_-7526945448667194862,['E11'],1,E11
blk_-7527506469734664572,['E7'],1,E7
blk_-7539658633533020967,['E13'],1,E13
blk_-7548149518969960333,['E9'],1,E9
blk_-7553009628768897700,['E10'],1,E10
blk_-7555801584297376435,['E6'],1,E6
blk_-7571492020523929240,['E5'],1,E5
blk_-7584542530081657301,['E8'],1,E8
blk_-7587189852169913514,['E10'],1,E10
blk_-75893538967225087,['E8'],1,E8
blk_-7592643790414500555,['E7'],1,E7
blk_-7595375726951801956,['E8'],1,E8
blk_-7601381921195183756,['E9'],1,E9
blk_-7603740654202748654,['E6'],1,E6
blk_-7603795308074215276,['E7'],1,E7
blk_-7606467001548719462,['E9'],1,E9
blk_-7623732795385061487,['E13'],1,E13
blk_-762982068597249045,['E6'],1,E6
blk_-7630699912570186723,['E11'],1,E11
blk_-7637577152926063076,['E6'],1,E6
blk_-7640601843607665080,['E10'],1,E10
blk_-7646004878694144580,['E13'],1,E13
blk_-764747190320632607,['E13'],1,E13
blk_-7656610147924319419,['E10'],1,E10
blk_-765820154946060546,['E8'],1,E8
blk_-7658293778087733436,['E3'],1,E3
blk_-7667417209393167541,['E7'],1,E7
blk_-7668075074035173978,['E8'],1,E8
blk_-7678242108759603056,['E13'],1,E13
blk_-7680599654910200999,['E3'],1,E3
blk_-7683667795522321323,['E10'],1,E10
blk_-7693277678281547790,['E8'],1,E8
blk_-7709713535298137702,['E8'],1,E8
blk_-7716943410942322104,['E11'],1,E11
blk_-7724713468912166542,['E1'],1,E1
blk_-7727864185516010230,['E13'],1,E13
blk_-774267833966018354,['E13'],1,E13
blk_-7764040409370932316,['E13'],1,E13
blk_-7767902948513849386,['E8'],1,E8
blk_-7778922135767840250,['E10'],1,E10
blk_-7794786562417612249,['E6'],1,E6
blk_-7803343374223161433,['E14'],1,E14
blk_-7815259387557421424,['E13'],1,E13
blk_-7820996703068538967,['E13'],1,E13
blk_-7832937837605180330,['E9'],1,E9
blk_-7837339190764609698,['E1'],1,E1
blk_-7846283874350947646,['E8'],1,E8
blk_-7854501109698465657,['E9'],1,E9
blk_-7866582011201618766,['E7'],1,E7
blk_-7873581794069372986,['E8'],1,E8
blk_-7878121102358435702,['E7'],1,E7
blk_-7893636450787030202,['E6'],1,E6
blk_-7894824934989391122,['E8'],1,E8
blk_-7909610753867924116,['E6'],1,E6
blk_-7911408976820434495,['E13'],1,E13
blk_-7914996925059840931,['E13'],1,E13
blk_-7928230000822317050,['E9'],1,E9
blk_-793506372912437289,['E8'],1,E8
blk_-7937864120968665564,['E10'],1,E10
blk_-7948158002985968470,['E10'],1,E10
blk_-795209964982424254,['E8'],1,E8
blk_-7983508786213002472,['E3'],1,E3
blk_-7985144765168396303,['E6'],1,E6
blk_-7988596544606686086,['E7'],1,E7
blk_-7990763409688650846,['E1'],1,E1
blk_-7999375661905777727,['E8'],1,E8
blk_-800664075087524591,['E10'],1,E10
blk_-8014701913801168461,['E9'],1,E9
blk_-8015797075596093783,['E11'],1,E11
blk_-8022986908643041177,['E6'],1,E6
blk_-8023826090828946372,['E3'],1,E3
blk_-8026264173633579073,['E8'],1,E8
blk_-8049908920306758342,['E11'],1,E11
blk_-8050165297538775793,['E14'],1,E14
blk_-805262942087665153,['E10'],1,E10
blk_-8060252929692927663,['E9'],1,E9
blk_-8077373411465716253,['E6'],1,E6
blk_-8082428389627750477,['E3'],1,E3
blk_-8083036675630459841,['E3'],1,E3
blk_-808401720390253471,['E10'],1,E10
blk_-8093500164295459838,['E10'],1,E10
blk_-8108913101671416218,['E10'],1,E10
blk_-8121498678081035000,['E8'],1,E8
blk_-8123824094195108685,['E13'],1,E13
blk_-8127580564011467092,['E6'],1,E6
blk_-8130925109202184099,['E8'],1,E8
blk_-8131422413299851907,['E9'],1,E9
blk_-8144387882075572886,['E9'],1,E9
blk_-8145226289286457574,['E6'],1,E6
blk_-8162657657061473938,['E13'],1,E13
blk_-8167717961644709843,['E9'],1,E9
blk_-8187008844253719581,['E1'],1,E1
blk_-8192956077351896648,['E11'],1,E11
blk_-8198423074054354279,['E13'],1,E13
blk_-8214089520956286311,['E11'],1,E11
blk_-8225435781013159573,['E10'],1,E10
blk_-8227485321105019293,['E13'],1,E13
blk_-8241093737585222406,['E11'],1,E11
blk_-8246207776580662770,['E10'],1,E10
blk_-8255732027871411321,['E13'],1,E13
blk_-826920518336899809,['E7'],1,E7
blk_-8277873627721528374,['E1'],1,E1
blk_-8294986551316947211,['E9'],1,E9
blk_-8298519990603402919,['E6'],1,E6
blk_-8306714721294235181,['E1'],1,E1
blk_-8310554294841246175,['E11'],1,E11
blk_-8312238797251504127,['E8'],1,E8
blk_-8323785930877970805,['E13'],1,E13
blk_-8329840785892216949,['E10'],1,E10
blk_-8347949825960763812,['E14'],1,E14
blk_-8351015090014570293,['E8'],1,E8
blk_-8353423262983821010,['E8'],1,E8
blk_-8360774680830158225,['E9'],1,E9
blk_-8364400144313355814,['E10'],1,E10
blk_-8377763431920892140,['E11'],1,E11
blk_-8380267327243110056,['E7'],1,E7
blk_-8383503596684323017,['E9'],1,E9
blk_-8389657728641837382,['E10'],1,E10
blk_-8393060055740236791,['E6'],1,E6
blk_-8403618945096094999,['E8'],1,E8
blk_-8408087700903896282,['E7'],1,E7
blk_-8426741581316629266,['E7'],1,E7
blk_-8428590803682810851,['E6'],1,E6
blk_-8435779070374485499,['E10'],1,E10
blk_-8443921001690182522,['E9'],1,E9
blk_-8475679647841427708,['E13'],1,E13
blk_-8483420270408348004,['E6'],1,E6
blk_-8484827087450439270,['E9'],1,E9
blk_-8495670552887053546,['E3'],1,E3
blk_-8502460962248995911,['E6'],1,E6
blk_-8507209254958698084,['E14'],1,E14
blk_-852118157909078164,['E13'],1,E13
blk_-8522942048313632858,['E3'],1,E3
blk_-8523968015014407246,['E11'],1,E11
blk_-8524274644018377752,['E13'],1,E13
blk_-8524952715666214329,['E11'],1,E11
blk_-8547071368131084410,['E9'],1,E9
blk_-8558281124275910849,['E3'],1,E3
blk_-8558845834445970595,['E6'],1,E6
blk_-8562334328670278932,['E13'],1,E13
blk_-8563999607069929505,['E13'],1,E13
blk_-8568673600040025636,['E10'],1,E10
blk_-8570780307468499817,['E4'],1,E4
blk_-8571819028995448536,['E13'],1,E13
blk_-8584158329012779023,['E13'],1,E13
blk_-85872290979354091,['E10'],1,E10
blk_-8588908000680498,['E9'],1,E9
blk_-8617088607862430908,['E9'],1,E9
blk_-8632488927959646482,['E8'],1,E8
blk_-8638442557570632582,['E10'],1,E10
blk_-8641647081502666269,['E11'],1,E11
blk_-8645365827804358878,['E7'],1,E7
blk_-8649503431827393598,['E13'],1,E13
blk_-8657800226489501791,['E6'],1,E6
blk_-8674089929114017279,['E1'],1,E1
blk_-8679916835272129336,['E3'],1,E3
blk_-8703611999267892995,['E13'],1,E13
blk_-8736461628840265232,['E8'],1,E8
blk_-8744988583359134013,['E7'],1,E7
blk_-8745453424063341007,['E10'],1,E10
blk_-8769398708439834546,['E8'],1,E8
blk_-8775602795571523802,"['E9', 'E9']",2,E9 E9
blk_-878226404201600469,['E13'],1,E13
blk_-8788032532930439012,['E13'],1,E13
blk_-8789402864074203800,['E11'],1,E11
blk_-8792837405349224102,['E9'],1,E9
blk_-8796256534683400159,['E9'],1,E9
blk_-8834022217832819265,['E13'],1,E13
blk_-8835758154471700679,['E11'],1,E11
blk_-8838161455213213548,['E13'],1,E13
blk_-8838632285969241889,['E13'],1,E13
blk_-8847552694913526632,['E11'],1,E11
blk_-8848810702648406400,['E9'],1,E9
blk_-8852638972311349374,['E13'],1,E13
blk_-8856628810470361280,['E13'],1,E13
blk_-8863130543753323383,['E8'],1,E8
blk_-8876879715755468215,['E13'],1,E13
blk_-8879979113392880065,['E13'],1,E13
blk_-8887373200836701910,['E8'],1,E8
blk_-8898274302731129139,['E9'],1,E9
blk_-8907436477337775860,['E1'],1,E1
blk_-8915123233040672605,['E13'],1,E13
blk_-8915491531889006304,['E1'],1,E1
blk_-8923698979247229952,['E11'],1,E11
blk_-8923923031063738809,['E6'],1,E6
blk_-8924134715029713489,['E6'],1,E6
blk_-8939321760994370713,['E10'],1,E10
blk_-8948316319329891645,['E7'],1,E7
blk_-8949548167466276130,['E9'],1,E9
blk_-8965508153794244104,['E11'],1,E11
blk_-8969188698416564850,['E10'],1,E10
blk_-8974021306351083168,['E13'],1,E13
blk_-9001895211102825241,['E10'],1,E10
blk_-900229825899812461,['E10'],1,E10
blk_-900758580041645081,['E6'],1,E6
blk_-9013487557842539661,['E11'],1,E11
blk_-9016567407076718172,['E4'],1,E4
blk_-9017308542351369260,['E9'],1,E9
blk_-9038475355621289969,['E9'],1,E9
blk_-9049344623659872649,['E6'],1,E6
blk_-9056276727170871967,['E8'],1,E8
blk_-9056748866943837167,['E6'],1,E6
blk_-9056865861421808370,['E10'],1,E10
blk_-9069971851590882719,['E6'],1,E6
blk_-9089815063425241739,['E11'],1,E11
blk_-9092685890953655332,['E13'],1,E13
blk_-9098645110390099509,['E10'],1,E10
blk_-9103764593642564543,['E13'],1,E13
blk_-9110604833387121363,['E10'],1,E10
blk_-9120005470237070778,['E10'],1,E10
blk_-9132218772786220159,['E10'],1,E10
blk_-9161369067334198861,['E10'],1,E10
blk_-9162090767925303921,['E7'],1,E7
blk_-9167880724995702718,['E11'],1,E11
blk_-9169228974826183399,['E9'],1,E9
blk_-9171803179611497035,['E9'],1,E9
blk_-9171930401624803515,['E9'],1,E9
blk_-917268749136585019,['E10'],1,E10
blk_-9181958042427679309,['E6'],1,E6
blk_-9188933731705791676,['E11'],1,E11
blk_-9190864897806028230,['E11'],1,E11
blk_-9198375937828232046,['E10'],1,E10
blk_-9211699406261033878,['E11'],1,E11
blk_-921231092429668424,['E9'],1,E9
blk_-9220604860626391374,['E8'],1,E8
blk_-931590117143327078,['E13'],1,E13
blk_-945770324989341170,['E8'],1,E8
blk_-954856062493437881,['E11'],1,E11
blk_-966013175018359901,['E10'],1,E10
blk_-967145856473901804,['E11'],1,E11
blk_-989798817617753264,['E6'],1,E6
blk_-997605125898553536,['E11'],1,E11
blk_1002945451269828722,['E10'],1,E10
blk_1018961650823645078,['E9'],1,E9
blk_1021828391502582165,['E6'],1,E6
blk_102441832197223997,['E13'],1,E13
blk_1043487525777829194,['E8'],1,E8
blk_1057763407402503745,['E13'],1,E13
blk_1060814796407897179,['E11'],1,E11
blk_1064470652608359218,['E11'],1,E11
blk_1074754942323612586,['E13'],1,E13
blk_107727140948970996,['E9'],1,E9
blk_1077394056781488,['E10'],1,E10
blk_1078000656626961731,['E1'],1,E1
blk_1102735311308675356,['E8'],1,E8
blk_1104376461837247304,['E7'],1,E7
blk_111759050707136656,['E6'],1,E6
blk_1119272693889755844,['E6'],1,E6
blk_1122812501843755360,['E13'],1,E13
blk_1129715194117079802,['E6'],1,E6
blk_1144571179430079218,['E9'],1,E9
blk_1150231966878829887,['E14'],1,E14
blk_1151012386083696649,['E6'],1,E6
blk_1155029843511109085,['E10'],1,E10
blk_1184972950286241114,['E9'],1,E9
blk_1188202922232921994,['E11'],1,E11
blk_1190791818440776717,['E11'],1,E11
blk_1200136320542454615,['E1'],1,E1
blk_120277101968534224,['E11'],1,E11
blk_1213582438865696738,['E9'],1,E9
blk_1216611589160220108,['E10'],1,E10
blk_1247599917761164561,['E11'],1,E11
blk_1253515519191706153,['E7'],1,E7
blk_1259893634804870815,['E10'],1,E10
blk_1275198635723397883,['E8'],1,E8
blk_1279439901767890758,['E10'],1,E10
blk_1302893891174665780,['E8'],1,E8
blk_1303107722036031233,['E6'],1,E6
blk_1321799290531408498,['E13'],1,E13
blk_1345503778930512538,['E13'],1,E13
blk_1349228381785843634,['E10'],1,E10
blk_1350741653957819140,['E9'],1,E9
blk_1369784431092292099,['E9'],1,E9
blk_1379455396847512711,['E9'],1,E9
blk_1389634598105954660,['E6'],1,E6
blk_1394107495884949139,['E13'],1,E13
blk_1407935810673971357,['E13'],1,E13
blk_1408672604432845193,['E10'],1,E10
blk_1411218759880637753,['E11'],1,E11
blk_1441315972355360459,['E6'],1,E6
blk_1447281351164457761,['E6'],1,E6
blk_1463530401988623658,['E13'],1,E13
blk_1473949624670719319,['E12'],1,E12
blk_1481009974400305784,['E8'],1,E8
blk_1483582953997932733,['E9'],1,E9
blk_148513789886825227,['E13'],1,E13
blk_1489031087420498797,['E11'],1,E11
blk_1498192967843651378,['E11'],1,E11
blk_1508705816376906895,['E10'],1,E10
blk_1512136249403454074,['E13'],1,E13
blk_1512923509505250283,['E6'],1,E6
blk_1526403491950199810,['E6'],1,E6
blk_153508158653341141,['E9'],1,E9
blk_1543605971733759530,['E8'],1,E8
blk_155320394753274773,['E11'],1,E11
blk_1553688227908800900,['E9'],1,E9
blk_1561008813520212225,['E11'],1,E11
blk_157913239647511296,['E10'],1,E10
blk_1584196996810164915,['E14'],1,E14
blk_1587615395786683981,['E9'],1,E9
blk_1589878256898761558,['E6'],1,E6
blk_1594026090263820445,['E6'],1,E6
blk_1598414622053793245,['E1'],1,E1
blk_1600228140214754078,['E11'],1,E11
blk_1606295458729964667,['E13'],1,E13
blk_1636660629634995787,['E6'],1,E6
blk_1639683981444528748,['E10'],1,E10
blk_1646534811870220828,['E3'],1,E3
blk_1646909113279517647,['E11'],1,E11
blk_1649162819905816843,['E14'],1,E14
blk_165707910410871749,['E10'],1,E10
blk_166171721314010075,['E8'],1,E8
blk_1683075246463470765,['E3'],1,E3
blk_1686195200514944346,['E3'],1,E3
blk_1689772850125323349,['E9'],1,E9
blk_1692958087244489888,['E9'],1,E9
blk_1714886759174770356,['E8'],1,E8
blk_1724757848743533110,['E13'],1,E13
blk_1727371778357941761,['E13'],1,E13
blk_1744485040428751334,['E13'],1,E13
blk_1746384029810476219,['E9'],1,E9
blk_1756478622414930264,['E6'],1,E6
blk_1777689952069868672,['E8'],1,E8
blk_1779145401405339993,['E6'],1,E6
blk_1781953582842324563,['E9'],1,E9
blk_1793140687921032046,['E6'],1,E6
blk_1815340037591016775,['E8'],1,E8
blk_1824928871191121429,['E9'],1,E9
blk_1828089683746536118,['E11'],1,E11
blk_1832308388558480,['E7'],1,E7
blk_1833093108290599780,['E6'],1,E6
blk_1838564958520120941,['E9'],1,E9
blk_1858805942071850133,['E7'],1,E7
blk_1859772752119590543,['E13'],1,E13
blk_1865953191447352631,['E6'],1,E6
blk_1869228153483717375,['E13'],1,E13
blk_1910039736720341651,['E3'],1,E3
blk_1910319264393500537,['E7'],1,E7
blk_1920931690498309324,['E9'],1,E9
blk_1927336911952959118,['E10'],1,E10
blk_1960893136630391966,['E8'],1,E8
blk_1979447750586388860,['E8'],1,E8
blk_1997668456720275587,['E10'],1,E10
blk_2015610615789582788,['E6'],1,E6
blk_2016964533702776852,['E10'],1,E10
blk_2026200052147887341,['E10'],1,E10
blk_2028803850179311599,['E10'],1,E10
blk_2038610753592374847,['E1'],1,E1
blk_2039230511363331616,['E1'],1,E1
blk_2040222317555585426,['E10'],1,E10
blk_2059389709317340334,['E6'],1,E6
blk_2060553104861908174,['E8'],1,E8
blk_2063252936853409868,['E11'],1,E11
blk_207875475387433291,['E6'],1,E6
blk_2080318574920472813,['E13'],1,E13
blk_2084123600915946046,['E7'],1,E7
blk_2089955821703690032,['E10'],1,E10
blk_2096030750186708493,['E10'],1,E10
blk_2096199637324483321,['E10'],1,E10
blk_2096692261399680562,['E7'],1,E7
blk_2101007907134483259,['E3'],1,E3
blk_2107487634698646045,['E9'],1,E9
blk_2111886617384066018,['E10'],1,E10
blk_2113880130496815041,['E6'],1,E6
blk_2119401975697524206,['E6'],1,E6
blk_2128110944185709079,['E10'],1,E10
blk_2139707931694085102,['E3'],1,E3
blk_2147212041377545584,['E13'],1,E13
blk_2149728827322918746,['E8'],1,E8
blk_2151150262081352617,['E10'],1,E10
blk_2154193600525549460,['E8'],1,E8
blk_215466486430758887,['E10'],1,E10
blk_2156262111024914941,['E9'],1,E9
blk_2157471834570224881,['E11'],1,E11
blk_2166777223671724319,['E13'],1,E13
blk_2180875151184358991,['E9'],1,E9
blk_2208589726473895860,['E13'],1,E13
blk_2215517976324634098,['E9'],1,E9
blk_2241654010576170013,['E10'],1,E10
blk_2243777557693112935,['E10'],1,E10
blk_2244903517044280975,['E3'],1,E3
blk_22457656256024207,['E9'],1,E9
blk_2247786307216183697,['E11'],1,E11
blk_2253084440592362960,['E11'],1,E11
blk_2259206517962925438,['E8'],1,E8
blk_2261089810991980611,['E10'],1,E10
blk_2262752117989012641,['E3'],1,E3
blk_2270593866672608129,['E11'],1,E11
blk_2273334621242106674,['E1'],1,E1
blk_2278708746675870163,['E9'],1,E9
blk_2282833575688432184,['E10'],1,E10
blk_2294700909811950327,['E11'],1,E11
blk_2304296078821316612,['E8'],1,E8
blk_2312679955495839894,['E6'],1,E6
blk_231502148921342925,['E11'],1,E11
blk_2322432806134104317,['E1'],1,E1
blk_2341651676737321162,['E8'],1,E8
blk_2353918919834315845,['E9'],1,E9
blk_2377150260128098806,['E6'],1,E6
blk_2377944115560974127,['E13'],1,E13
blk_2380775154966815858,['E13'],1,E13
blk_2389216938154332862,['E10'],1,E10
blk_2403370969415186087,['E9'],1,E9
blk_241585185788373386,['E11'],1,E11
blk_2426255659473300323,['E8'],1,E8
blk_2430417102497887445,['E6'],1,E6
blk_2460145905812664251,['E6'],1,E6
blk_2468407162668753567,['E8'],1,E8
blk_2473550781612396886,['E9'],1,E9
blk_2474460483915499078,['E11'],1,E11
blk_247452006316846355,['E8'],1,E8
blk_2489882700357182381,['E9'],1,E9
blk_2508619583759354778,['E10'],1,E10
blk_2513940824125131775,['E7'],1,E7
blk_2529569087635823495,['E10'],1,E10
blk_2568309208894455676,['E8'],1,E8
blk_2570966823909513791,['E10'],1,E10
blk_2576408434603492552,['E8'],1,E8
blk_2583125615128303019,['E13'],1,E13
blk_2583600095045026513,['E13'],1,E13
blk_2593937801738981947,['E6'],1,E6
blk_2599050023684318911,['E11'],1,E11
blk_2616961363639592748,['E11'],1,E11
blk_2618566506268332756,['E6'],1,E6
blk_2630223487595425525,['E7'],1,E7
blk_2652444451422301232,['E11'],1,E11
blk_2657997043417110888,['E8'],1,E8
blk_2691304991047255190,['E10'],1,E10
blk_2708206493147801743,['E9'],1,E9
blk_271142976916798281,['E13'],1,E13
blk_2713941272199175167,['E8'],1,E8
blk_2731617036199392057,['E9'],1,E9
blk_2731746367139956284,['E9'],1,E9
blk_2735034460607366827,['E13'],1,E13
blk_2736251498135196075,['E8'],1,E8
blk_2737505352081488746,['E13'],1,E13
blk_2740792916077430444,['E6'],1,E6
blk_2749066163012162435,['E6'],1,E6
blk_2756799797410851893,['E9'],1,E9
blk_2771018387166611008,['E11'],1,E11
blk_278357163850888,['E6'],1,E6
blk_2819581679409796253,['E10'],1,E10
blk_2824047463816148563,['E13'],1,E13
blk_2833019093942278701,['E10'],1,E10
blk_283922378823540530,['E10'],1,E10
blk_2847401988110989655,['E7'],1,E7
blk_2851869865185325732,['E10'],1,E10
blk_285336326661214154,['E7'],1,E7
blk_2866275036574950116,['E1'],1,E1
blk_2869833078504290822,['E8'],1,E8
blk_2879780987351022871,['E3'],1,E3
blk_2904134648927436267,['E14'],1,E14
blk_2917692073041583988,['E10'],1,E10
blk_2937758977269298350,['E13'],1,E13
blk_2953550760670423417,['E10'],1,E10
blk_2957756905007569214,['E10'],1,E10
blk_2967299761311489673,['E3'],1,E3
blk_2969087638814291714,['E3'],1,E3
blk_2972699288862031202,['E13'],1,E13
blk_2974262690755997396,['E10'],1,E10
blk_2980964138205299397,['E13'],1,E13
blk_2986720270598512615,['E1'],1,E1
blk_300967862449910205,['E6'],1,E6
blk_3016571528120363023,['E13'],1,E13
blk_3020717811556957482,['E13'],1,E13
blk_3049351456771045311,['E11'],1,E11
blk_3050920587428079149,['E6'],1,E6
blk_3067558337579347170,['E13'],1,E13
blk_3068335169639013019,['E11'],1,E11
blk_3070718541088657475,['E10'],1,E10
blk_3073404534069578592,['E6'],1,E6
blk_3076992299328673559,['E9'],1,E9
blk_3079488924320077240,['E6'],1,E6
blk_3083630442630693250,['E11'],1,E11
blk_3084588477220583373,['E11'],1,E11
blk_3087787567144441647,['E1'],1,E1
blk_3088175971503531298,['E10'],1,E10
blk_3107521534415119817,['E11'],1,E11
blk_3134656542322449478,['E6'],1,E6
blk_313888672758374538,['E13'],1,E13
blk_3141363517520802396,['E14'],1,E14
blk_3160319368100972992,['E10'],1,E10
blk_3166960787499091856,['E1'],1,E1
blk_3169060243663461885,['E3'],1,E3
blk_3181161977343808286,['E13'],1,E13
blk_3202507081359904616,['E6'],1,E6
blk_3206064173813164493,['E6'],1,E6
blk_3221204570666147236,['E9'],1,E9
blk_3222673463853349950,['E6'],1,E6
blk_3224184805694764748,['E11'],1,E11
blk_3224393364314749254,['E11'],1,E11
blk_3231389654886008065,['E8'],1,E8
blk_3235988328669699941,['E13'],1,E13
blk_323887415551221572,['E13'],1,E13
blk_3242229894054064344,['E11'],1,E11
blk_3243316191092266549,['E6'],1,E6
blk_3248835454898465560,['E13'],1,E13
blk_325981833999429148,['E6'],1,E6
blk_3259872359515191972,['E10'],1,E10
blk_3274968259628929519,['E9'],1,E9
blk_3278280638950561822,['E10'],1,E10
blk_3280859030919654043,['E8'],1,E8
blk_3291173852929756766,['E7'],1,E7
blk_3304535870056962597,['E11'],1,E11
blk_3312198496468502316,['E9'],1,E9
blk_3318864983801406136,['E10'],1,E10
blk_3322875843051058970,['E13'],1,E13
blk_3332848207645320273,['E8'],1,E8
blk_3336810835691486095,['E9'],1,E9
blk_3338047823148530794,['E10'],1,E10
blk_3358274959811806117,['E13'],1,E13
blk_3376391218693716925,['E7'],1,E7
blk_3378157549705391333,['E10'],1,E10
blk_3386670145292909259,['E11'],1,E11
blk_3406384548372443486,['E6'],1,E6
blk_342378162324355732,['E1'],1,E1
blk_3428998332517532825,['E8'],1,E8
blk_3433046099598424314,['E10'],1,E10
blk_3441699978641526775,['E3'],1,E3
blk_344934934043642744,['E6'],1,E6
blk_345577139488306634,['E13'],1,E13
blk_3463540868626173125,['E11'],1,E11
blk_3480684347183600958,['E11'],1,E11
blk_34905976850091068,['E10'],1,E10
blk_3492869167398569662,['E8'],1,E8
blk_3506875694435075421,['E6'],1,E6
blk_3515154079719300106,['E1'],1,E1
blk_352185875883785141,['E9'],1,E9
blk_3539852484771802299,['E8'],1,E8
blk_3542047035353248258,['E13'],1,E13
blk_3550669278239526374,['E11'],1,E11
blk_355286618997526877,['E8'],1,E8
blk_356592557993755459,['E8'],1,E8
blk_358331073189608564,['E8'],1,E8
blk_3584162266158512993,['E10'],1,E10
blk_3585424189730250601,['E6'],1,E6
blk_3585588704565901062,['E9'],1,E9
blk_3586596428873150919,['E11'],1,E11
blk_3587508140051953248,['E11'],1,E11
blk_3598226258881465924,['E13'],1,E13
blk_3598904881888399067,['E8'],1,E8
blk_3637945019239882309,['E8'],1,E8
blk_3652427357251545055,['E8'],1,E8
blk_365496398062338141,['E1'],1,E1
blk_3695169334833427187,['E10'],1,E10
blk_3706543205492061794,['E9'],1,E9
blk_3729730843466061623,['E8'],1,E8
blk_3733339790842827121,['E9'],1,E9
blk_3735517274901501821,['E8'],1,E8
blk_3755116621101133849,['E10'],1,E10
blk_3763728533434719668,['E3'],1,E3
blk_3764801892187716497,['E6'],1,E6
blk_3764836840384130740,['E7'],1,E7
blk_3776895047834644694,['E7'],1,E7
blk_3777389444004341563,['E11'],1,E11
blk_3777399812922072863,['E11'],1,E11
blk_3777400576053320362,['E11'],1,E11
blk_3781645897486585075,['E10'],1,E10
blk_3790492230047189408,['E3'],1,E3
blk_3792448673967861371,['E8'],1,E8
blk_3797494971676497497,['E1'],1,E1
blk_3808164640986377400,['E13'],1,E13
blk_3813891701916249413,['E11'],1,E11
blk_3846795603907041885,['E13'],1,E13
blk_3848747149919646864,['E3'],1,E3
blk_3849239820458663566,['E6'],1,E6
blk_3852281952649038166,['E11'],1,E11
blk_3858015337960682724,['E8'],1,E8
blk_3862032846413436284,['E9'],1,E9
blk_387577766066135394,['E7'],1,E7
blk_3876184938151091897,['E8'],1,E8
blk_38865049064139660,['E10'],1,E10
blk_3894335463008345041,['E14'],1,E14
blk_3905759687686730625,['E1'],1,E1
blk_3911263675181899748,['E6'],1,E6
blk_391507259220628397,['E9'],1,E9
blk_391813102554451063,['E10'],1,E10
blk_3921292580505776296,['E9'],1,E9
blk_3922791077126964673,['E10'],1,E10
blk_392347292517057138,['E13'],1,E13
blk_3924177422736829493,['E11'],1,E11
blk_3940282600163903101,['E10'],1,E10
blk_3941798034503185737,['E13'],1,E13
blk_3946183108430554053,['E8'],1,E8
blk_3954386352306480748,['E6'],1,E6
blk_3958940914408609637,['E10'],1,E10
blk_3960527526103274525,['E11'],1,E11
blk_3961831045048378097,['E11'],1,E11
blk_3962600675982666210,['E13'],1,E13
blk_3963698556744744747,['E1'],1,E1
blk_3972778210951456006,['E13'],1,E13
blk_397848436489409658,['E10'],1,E10
blk_3979872751691718643,['E1'],1,E1
blk_4007982883396598426,['E9'],1,E9
blk_4029139044660806713,['E4'],1,E4
blk_4029732570544915384,['E11'],1,E11
blk_4031738712701565209,['E11'],1,E11
blk_4048438071314937575,['E3'],1,E3
blk_406835586147450451,['E10'],1,E10
blk_4068667188725811395,['E10'],1,E10
blk_4069436988023676023,['E6'],1,E6
blk_4081177399275502985,['E1'],1,E1
blk_4098532420907418423,['E11'],1,E11
blk_412956398445037066,['E10'],1,E10
blk_413552235254424009,['E8'],1,E8
blk_4149909442914612270,['E13'],1,E13
blk_4154740411570608045,['E6'],1,E6
blk_4162832865986721185,['E9'],1,E9
blk_4170936278386288557,['E6'],1,E6
blk_4178945095089206682,['E10'],1,E10
blk_4182287230523664560,['E11'],1,E11
blk_4198733391373026104,['E13'],1,E13
blk_4207359722112667226,['E10'],1,E10
blk_4210124392039605712,['E7'],1,E7
blk_4214952053910973364,['E7'],1,E7
blk_4225726256421431188,['E7'],1,E7
blk_4231049049582051919,['E11'],1,E11
blk_4233013542759682998,['E13'],1,E13
blk_4234385041723406944,['E6'],1,E6
blk_4238127626194855481,['E13'],1,E13
blk_423916008836295480,['E6'],1,E6
blk_424255210146453297,['E3'],1,E3
blk_424461424221613461,['E3'],1,E3
blk_4263664068073345850,['E11'],1,E11
blk_426381928692704514,['E11'],1,E11
blk_427477290315080955,['E11'],1,E11
blk_427714267500527780,['E6'],1,E6
blk_4284688617983009262,['E13'],1,E13
blk_4292382298896622412,['E2'],1,E2
blk_429279891070363457,['E10'],1,E10
blk_4294115716822011564,['E11'],1,E11
blk_4307207852226914003,['E6'],1,E6
blk_4318179566727871532,['E6'],1,E6
blk_4330492872922862223,['E6'],1,E6
blk_434034567989619521,['E8'],1,E8
blk_4343207286455274569,['E13'],1,E13
blk_4355450627202483068,['E1'],1,E1
blk_4357276972386184626,['E3'],1,E3
blk_4361294871479973840,['E6'],1,E6
blk_4365203784873840210,['E9'],1,E9
blk_4367982328407767477,['E9'],1,E9
blk_4385764838827095986,['E6'],1,E6
blk_4404895858852856851,['E10'],1,E10
blk_4414644179961808738,['E13'],1,E13
blk_4433676399725693167,['E11'],1,E11
blk_4438674026376140804,['E8'],1,E8
blk_4443043493758564822,['E11'],1,E11
blk_446513188203036714,['E6'],1,E6
blk_4471044334742081825,['E8'],1,E8
blk_4473390551542202999,['E6'],1,E6
blk_449049393237281194,['E9'],1,E9
blk_4499140370762613763,['E8'],1,E8
blk_4506604798892399878,['E9'],1,E9
blk_4513772639980123655,['E9'],1,E9
blk_4516306414837452219,['E8'],1,E8
blk_4524198807982839635,['E3'],1,E3
blk_4531288786306744275,['E7'],1,E7
blk_4539833452749813987,['E11'],1,E11
blk_4553790855855864497,['E6'],1,E6
blk_4565822428702518889,['E10'],1,E10
blk_4568377692254637284,['E10'],1,E10
blk_4568434182693165548,['E6'],1,E6
blk_4575129504644372394,['E10'],1,E10
blk_4577632468651859430,['E6'],1,E6
blk_4581070264530964999,['E3'],1,E3
blk_4585055992495043771,['E6'],1,E6
blk_4588471931728384541,['E11'],1,E11
blk_4599950495841528213,['E13'],1,E13
blk_4614530673206341566,['E11'],1,E11
blk_4628142183191390143,['E6'],1,E6
blk_4628975089896927394,['E10'],1,E10
blk_4631777956354958682,['E8'],1,E8
blk_4632283243694149854,['E9'],1,E9
blk_4638603954320058978,['E10'],1,E10
blk_4640277741339926850,['E8'],1,E8
blk_4641147544753118391,['E6'],1,E6
blk_465845235850106928,['E13'],1,E13
blk_4658551441818960395,['E9'],1,E9
blk_467589865104023338,['E6'],1,E6
blk_469126362137371425,['E13'],1,E13
blk_469871968689793326,['E11'],1,E11
blk_4713539908695785630,['E9'],1,E9
blk_4713968111267226537,['E8'],1,E8
blk_4738781172941319823,['E8'],1,E8
blk_4741107979793372752,['E10'],1,E10
blk_4742178675580222210,['E13'],1,E13
blk_4755566011267050000,['E11'],1,E11
blk_4774383661473695119,['E11'],1,E11
blk_4774656339381154282,['E10'],1,E10
blk_4777657900314457675,['E6'],1,E6
blk_4783621682384104986,['E13'],1,E13
blk_4786794545180705888,['E10'],1,E10
blk_4802366409699286298,['E6'],1,E6
blk_4812792845864526586,['E6'],1,E6
blk_481857539063371482,['E3'],1,E3
blk_4820650745157199554,['E13'],1,E13
blk_4834069779372284635,['E8'],1,E8
blk_4841101867353115844,['E7'],1,E7
blk_4848669047361069041,['E1'],1,E1
blk_4863571548336254624,['E9'],1,E9
blk_4873550540813847659,['E10'],1,E10
blk_48742413802609430,['E11'],1,E11
blk_4877808040461609832,['E10'],1,E10
blk_4884219613602801814,['E10'],1,E10
blk_4886940526690879848,['E10'],1,E10
blk_4893049344332234616,['E6'],1,E6
blk_4934527196392001803,['E3'],1,E3
blk_4939101994162863442,['E9'],1,E9
blk_49420377461855719,['E11'],1,E11
blk_4959462704623252283,['E13'],1,E13
blk_4963214289850966664,['E3'],1,E3
blk_496376132244907301,['E7'],1,E7
blk_4967370797322420259,['E11'],1,E11
blk_4967492069970766092,['E10'],1,E10
blk_4984150784048864430,['E7'],1,E7
blk_4984720043834039361,['E6'],1,E6
blk_4989329877491629543,['E11'],1,E11
blk_4992622607400168655,['E6'],1,E6
blk_5017373558217225674,['E10'],1,E10
blk_5018765878120211503,['E10'],1,E10
blk_5018797996887008111,['E8'],1,E8
blk_5062112794659861146,['E11'],1,E11
blk_5075966182561035053,['E9'],1,E9
blk_5095897972833086609,['E6'],1,E6
blk_5100975846124291571,['E9'],1,E9
blk_5106303344783117537,['E7'],1,E7
blk_5114010683183383297,['E6'],1,E6
blk_5114572025256210948,['E10'],1,E10
blk_5115892145206906855,['E10'],1,E10
blk_5118390778403008591,['E11'],1,E11
blk_512039711533506696,['E6'],1,E6
blk_5126469776250053435,['E3'],1,E3
blk_5163387277374142808,['E8'],1,E8
blk_5165786360127153975,['E6'],1,E6
blk_5174461779237739025,['E11'],1,E11
blk_5176179471361959897,['E8'],1,E8
blk_5176855630425795751,['E6'],1,E6
blk_5178539130945718870,['E8'],1,E8
blk_5183831565578080242,['E7'],1,E7
blk_5203504995927133832,['E8'],1,E8
blk_5209577451013188921,['E9'],1,E9
blk_5210211633167259832,['E6'],1,E6
blk_5216491057643255876,['E13'],1,E13
blk_5225719677049010638,['E10'],1,E10
blk_5240632065631390212,['E1'],1,E1
blk_5250287988089075029,['E11'],1,E11
blk_5256716488526744434,['E13'],1,E13
blk_5262186175243998904,['E10'],1,E10
blk_5272005015837990021,['E9'],1,E9
blk_5272731391668336674,['E13'],1,E13
blk_5272761429354463572,['E6'],1,E6
blk_5277338321835341602,['E6'],1,E6
blk_5335498635665743905,['E13'],1,E13
blk_5348548743130215090,['E11'],1,E11
blk_5379939266348893280,['E11'],1,E11
blk_5385121219895615240,['E1'],1,E1
blk_5390763359901143305,['E6'],1,E6
blk_5402003568334525940,['E11'],1,E11
blk_5406084276349645828,['E11'],1,E11
blk_541463031152673662,['E6'],1,E6
blk_5453150794205420798,['E9'],1,E9
blk_5454332143498402824,['E1'],1,E1
blk_5454423648092670683,['E10'],1,E10
blk_5489815612272797790,['E6'],1,E6
blk_5491101910066444061,['E6'],1,E6
blk_5496448884081025648,['E8'],1,E8
blk_549647953114643908,['E10'],1,E10
blk_5505696082121135363,['E8'],1,E8
blk_5525607749827896334,['E13'],1,E13
blk_5528471097481810388,['E9'],1,E9
blk_5547569777499890340,['E3'],1,E3
blk_5565611615515783341,['E13'],1,E13
blk_5570475465835003801,['E6'],1,E6
blk_5572208681898881669,['E8'],1,E8
blk_5574898547439146021,['E6'],1,E6
blk_557803157214911261,['E11'],1,E11
blk_5580254744888391593,['E8'],1,E8
blk_559204981722276126,['E7'],1,E7
blk_5600017220681756254,['E11'],1,E11
blk_560063894682806537,['E11'],1,E11
blk_5602895463700536678,['E11'],1,E11
blk_561417755647618727,['E9'],1,E9
blk_5616920288053661280,['E8'],1,E8
blk_5641239200978828454,['E13'],1,E13
blk_5646792755154529338,['E6'],1,E6
blk_5648034804629064273,['E11'],1,E11
blk_5663417083925711869,['E10'],1,E10
blk_566413670355737377,['E11'],1,E11
blk_5668137923110942035,['E8'],1,E8
blk_5689009809369418749,['E8'],1,E8
blk_5689516499354445029,['E10'],1,E10
blk_5701964561533648583,['E9'],1,E9
blk_5702487846232575705,['E8'],1,E8
blk_5708405953850477535,['E7'],1,E7
blk_570916157110129687,['E8'],1,E8
blk_572492839287299681,['E10'],1,E10
blk_5729560286355779655,['E10'],1,E10
blk_5733038550092620376,['E6'],1,E6
blk_5736622945587812309,['E9'],1,E9
blk_5739119717322549945,['E1'],1,E1
blk_5760391051658436046,['E13'],1,E13
blk_5771906433100975293,['E9'],1,E9
blk_5781019224640206392,['E13'],1,E13
blk_5781791720343455145,['E6'],1,E6
blk_578261619176233743,['E6'],1,E6
blk_5782729236964719738,['E7'],1,E7
blk_5792489080791696128,['E13'],1,E13
blk_5806397523737304814,['E9'],1,E9
blk_5809900021002850724,['E6'],1,E6
blk_5813361416484537967,['E6'],1,E6
blk_5813923864071791162,['E11'],1,E11
blk_5816171803790152026,['E13'],1,E13
blk_5834218936335592624,['E11'],1,E11
blk_5844313985011885282,['E7'],1,E7
blk_5868517220927475394,['E8'],1,E8
blk_5872617224009342667,['E7'],1,E7
blk_5881782374981838094,['E13'],1,E13
blk_5894088883762961800,['E7'],1,E7
blk_5905689738251144455,['E9'],1,E9
blk_5905933788014151041,['E3'],1,E3
blk_5912213716795619450,['E10'],1,E10
blk_591323161994959677,['E13'],1,E13
blk_5915244038969911075,['E11'],1,E11
blk_5938666289587069744,['E6'],1,E6
blk_5948455948626091880,['E9'],1,E9
blk_5952254363678329024,['E1'],1,E1
blk_5953577136151423920,['E6'],1,E6
blk_5955377624764578810,['E6'],1,E6
blk_5963655886023015963,['E6'],1,E6
blk_5963816136267066159,['E10'],1,E10
blk_5971534893446541111,['E6'],1,E6
blk_5977008528949258706,['E13'],1,E13
blk_5983149244832683042,['E13'],1,E13
blk_5989505185938770383,['E13'],1,E13
blk_6000837850922531821,['E11'],1,E11
blk_6002109944224710483,['E6'],1,E6
blk_6017354285686373326,['E10'],1,E10
blk_6030936529326346827,['E10'],1,E10
blk_6031076349976322578,['E8'],1,E8
blk_6039898256291822367,['E6'],1,E6
blk_6048652012880073760,['E10'],1,E10
blk_6051144263842600010,['E9'],1,E9
blk_6054235487623373096,['E7'],1,E7
blk_6055109613223910610,['E10'],1,E10
blk_6077744985764117617,['E9'],1,E9
blk_6080034782037237879,['E6'],1,E6
blk_6085274723649229095,['E13'],1,E13
blk_6085442148007558065,['E9'],1,E9
blk_608957629753483727,['E7'],1,E7
blk_6093743385844975689,['E6'],1,E6
blk_6093858391888371854,['E8'],1,E8
blk_6095704128062577668,['E6'],1,E6
blk_6105506155797750768,['E1'],1,E1
blk_6106884317961925960,['E3'],1,E3
blk_6107935679779418195,['E13'],1,E13
blk_6108023147232847992,['E13'],1,E13
blk_6123232805286187512,['E10'],1,E10
blk_6125469222540396851,['E6'],1,E6
blk_6137960563260046065,['E10'],1,E10
blk_6138894560185644209,['E9'],1,E9
blk_6140788650991100539,['E7'],1,E7
blk_6147898566868510104,['E9'],1,E9
blk_6148201552996212693,['E9'],1,E9
blk_6163400028286940197,['E9'],1,E9
blk_6170586659371027531,['E6'],1,E6
blk_6178964531181542074,['E7'],1,E7
blk_6204056282927975796,['E10'],1,E10
blk_621685330749869453,['E6'],1,E6
blk_6223504502438507199,['E9'],1,E9
blk_6238543795209416553,['E6'],1,E6
blk_6241141267506413726,['E3'],1,E3
blk_6245594177708848366,['E13'],1,E13
blk_6285161494041403917,['E6'],1,E6
blk_6296828743242110158,['E1'],1,E1
blk_6308888821787547357,['E6'],1,E6
blk_6323743466920239525,['E11'],1,E11
blk_6324712740029479576,['E8'],1,E8
blk_6329639726609402522,['E11'],1,E11
blk_6332892729727950039,['E3'],1,E3
blk_6338761369201338121,['E1'],1,E1
blk_6373260430960091026,['E9'],1,E9
blk_6374836031306809839,['E7'],1,E7
blk_6392434729242722288,['E8'],1,E8
blk_6398122733993275620,['E13'],1,E13
blk_6400082566804273401,"['E7', 'E13']",2,E7 E13
blk_6406847509870023726,['E11'],1,E11
blk_6413710007211667486,['E8'],1,E8
blk_6413965758113058023,['E13'],1,E13
blk_641646158310569454,['E7'],1,E7
blk_6417614801998326532,['E13'],1,E13
blk_6445339027653789144,['E9'],1,E9
blk_6446927133528675675,['E11'],1,E11
blk_6451403582950672007,['E6'],1,E6
blk_6465095458973828118,['E10'],1,E10
blk_6489659315944341351,['E8'],1,E8
blk_6490003020931145707,['E11'],1,E11
blk_6491424745418112176,['E13'],1,E13
blk_6491888411266994867,['E9'],1,E9
blk_6497260538939100482,['E9'],1,E9
blk_6499414220139660338,['E9'],1,E9
blk_6514181997629420906,['E10'],1,E10
blk_6516880861186877710,['E11'],1,E11
blk_6534693994677948144,['E11'],1,E11
blk_6542592144596063478,['E9'],1,E9
blk_6547729596040509998,['E6'],1,E6
blk_6552418180158772377,['E1'],1,E1
blk_6556854018013706836,['E13'],1,E13
blk_6563909003697001371,['E13'],1,E13
blk_6585429064641693815,['E13'],1,E13
blk_6601059760261449131,['E7'],1,E7
blk_6610244864386894422,['E10'],1,E10
blk_6628512193350164674,['E13'],1,E13
blk_6640583412927022083,['E6'],1,E6
blk_6655622109568310643,['E1'],1,E1
blk_666713934549639791,['E1'],1,E1
blk_6672666770563118759,['E13'],1,E13
blk_6675543598756975559,['E6'],1,E6
blk_6675564098604634452,['E9'],1,E9
blk_668295516093167045,['E1'],1,E1
blk_6685663454079607598,['E11'],1,E11
blk_6686361711974377273,['E11'],1,E11
blk_6690143611140381289,['E7'],1,E7
blk_6695517786834913217,['E9'],1,E9
blk_6698851413708497072,['E11'],1,E11
blk_6702054389824523327,['E3'],1,E3
blk_6730979070070986233,['E11'],1,E11
blk_673825774073966710,['E6'],1,E6
blk_6745520736924802462,['E10'],1,E10
blk_6746178639682808096,['E11'],1,E11
blk_6748710057489679257,['E6'],1,E6
blk_6749232449432458524,['E7'],1,E7
blk_6763863888784019261,['E8'],1,E8
blk_6791628131402590260,['E10'],1,E10
blk_679168189072909208,['E10'],1,E10
blk_6799391641508508235,['E11'],1,E11
blk_6807535563873595117,['E13'],1,E13
blk_6809155287484296510,['E10'],1,E10
blk_6818232325322327288,['E10'],1,E10
blk_6828121630547887549,['E6'],1,E6
blk_6828263829429857572,['E9'],1,E9
blk_6855535886504612774,['E8'],1,E8
blk_6868050965297613251,['E13'],1,E13
blk_6880728743505526406,['E11'],1,E11
blk_6881216037013929188,['E8'],1,E8
blk_6888300867578983331,['E9'],1,E9
blk_6894918622505820383,['E11'],1,E11
blk_691517018986659607,['E13'],1,E13
blk_6918427074195439966,['E10'],1,E10
blk_6921674711959888070,['E11'],1,E11
blk_692184983396207285,['E11'],1,E11
blk_6928449948805597176,['E6'],1,E6
blk_6943254721518837570,['E9'],1,E9
blk_6973321719929905054,['E9'],1,E9
blk_6975937964598933356,['E10'],1,E10
blk_6988110707613820142,['E13'],1,E13
blk_6996194389878584395,['E14'],1,E14
blk_699651392443620263,['E13'],1,E13
blk_7016884347337429710,['E11'],1,E11
blk_7017399031777870797,['E8'],1,E8
blk_703046261120042821,['E10'],1,E10
blk_703049809255765647,['E10'],1,E10
blk_703387617548630438,['E10'],1,E10
blk_7045475543362904558,['E8'],1,E8
blk_7048740572660501729,['E8'],1,E8
blk_7061131805920430446,['E13'],1,E13
blk_706826531153199550,['E13'],1,E13
blk_707166530951154301,"['E10', 'E6']",2,E10 E6
blk_7078766226078740026,['E10'],1,E10
blk_708101772844351082,['E10'],1,E10
blk_7090935285617451450,['E9'],1,E9
blk_7094265091490664593,['E8'],1,E8
blk_70980361971054326,['E9'],1,E9
blk_7108974241330205218,['E9'],1,E9
blk_712730845180531820,['E10'],1,E10
blk_7128370237687728475,['E6'],1,E6
blk_7154985168984871115,['E3'],1,E3
blk_7177118590277025973,['E8'],1,E8
blk_7190156588310412626,['E9'],1,E9
blk_7193551490488433552,['E13'],1,E13
blk_7194943883245628915,['E11'],1,E11
blk_7197514030988119866,['E8'],1,E8
blk_7206839389762980382,['E9'],1,E9
blk_7213990003235926706,['E11'],1,E11
blk_7224257732880626802,['E11'],1,E11
blk_7227035060836018780,['E11'],1,E11
blk_7229716389774599497,['E13'],1,E13
blk_727000711161641724,['E10'],1,E10
blk_7275457888263057111,['E6'],1,E6
blk_728165942214842306,['E13'],1,E13
blk_7294821275446427348,['E11'],1,E11
blk_7297060562345904886,['E1'],1,E1
blk_7323287581932922676,['E9'],1,E9
blk_7324196727355442810,['E8'],1,E8
blk_7330803663603700184,['E11'],1,E11
blk_7336636250384047238,['E8'],1,E8
blk_73389299186801686,['E3'],1,E3
blk_7345322407792942877,['E10'],1,E10
blk_7347539858784653625,['E13'],1,E13
blk_7360639743953947587,['E9'],1,E9
blk_7400944190976416273,['E8'],1,E8
blk_7412933088374169877,['E10'],1,E10
blk_7413830214932763926,['E11'],1,E11
blk_7415823309220171667,['E6'],1,E6
blk_7430820184211246929,['E6'],1,E6
blk_7434237665308221519,['E6'],1,E6
blk_7439201509602018752,['E6'],1,E6
blk_7453815855294711849,['E6'],1,E6
blk_7463248820468902190,['E11'],1,E11
blk_7473411975130090672,['E8'],1,E8
blk_7474737521119026445,['E6'],1,E6
blk_7481361125021302112,['E6'],1,E6
blk_7484759945731484842,['E11'],1,E11
blk_7489155602821840025,['E3'],1,E3
blk_7500282100357271699,['E10'],1,E10
blk_7501235595045510958,['E11'],1,E11
blk_7505828172725463922,['E3'],1,E3
blk_7513976340045981966,['E13'],1,E13
blk_7517964792804498202,['E3'],1,E3
blk_7519257846502835091,['E9'],1,E9
blk_752365829198406123,['E11'],1,E11
blk_7533949673910842243,['E10'],1,E10
blk_7534378757788640871,['E11'],1,E11
blk_753559000954836892,['E8'],1,E8
blk_7535677865140289610,['E13'],1,E13
blk_7541621664406141215,['E8'],1,E8
blk_7550266985912909372,['E7'],1,E7
blk_755689327380778318,['E10'],1,E10
blk_7572868180557515526,['E13'],1,E13
blk_7577595658377008671,['E11'],1,E11
blk_7580930377559819562,['E13'],1,E13
blk_7583807825342916938,['E9'],1,E9
blk_7589872946955471867,['E11'],1,E11
blk_7603278760520020831,['E9'],1,E9
blk_7606019272539977822,['E8'],1,E8
blk_7625391056418655045,['E10'],1,E10
blk_7627900514276120558,['E10'],1,E10
blk_7654726977769174867,['E13'],1,E13
blk_7661189768086976193,['E13'],1,E13
blk_7672124247291403094,['E13'],1,E13
blk_7679838117000095334,['E11'],1,E11
blk_7703498406755483188,['E1'],1,E1
blk_7705518309270121951,['E6'],1,E6
blk_7713504868233504097,['E13'],1,E13
blk_7720864196601815614,['E7'],1,E7
blk_7721951162137927252,['E9'],1,E9
blk_7733243482102436613,['E13'],1,E13
blk_773599351835388127,['E9'],1,E9
blk_7736147489540456118,['E11'],1,E11
blk_774612454978154966,['E14'],1,E14
blk_7754477838724397551,['E9'],1,E9
blk_7760079751081658559,['E3'],1,E3
blk_7780461223860192433,['E13'],1,E13
blk_7791237942696729620,['E10'],1,E10
blk_7819984111120374407,['E8'],1,E8
blk_7830067201550857864,['E11'],1,E11
blk_7837529475466774167,['E10'],1,E10
blk_7838843222458775811,['E6'],1,E6
blk_7841365850685201915,['E8'],1,E8
blk_7851643274522055587,['E11'],1,E11
blk_7855353385462032387,['E9'],1,E9
blk_7864850143895703065,['E11'],1,E11
blk_7872746846750105239,['E11'],1,E11
blk_7888946331804732825,['E6'],1,E6
blk_7891129742741763034,['E13'],1,E13
blk_7901008236334420364,['E10'],1,E10
blk_7908524857056299716,['E7'],1,E7
blk_7922331746517419368,['E11'],1,E11
blk_7924393760966842810,['E13'],1,E13
blk_7929144620252342335,['E11'],1,E11
blk_7932704730736035192,['E8'],1,E8
blk_7940316270494947483,['E3'],1,E3
blk_7942183449206967755,['E9'],1,E9
blk_797263375273454863,['E9'],1,E9
blk_7985460426680885040,['E9'],1,E9
blk_798664047382151445,['E1'],1,E1
blk_7996616083434301906,['E13'],1,E13
blk_8005746184358076390,['E6'],1,E6
blk_8007544297333060851,['E13'],1,E13
blk_8015913224713045110,['E6'],1,E6
blk_8048594464172649365,['E4'],1,E4
blk_8049943837789435742,['E10'],1,E10
blk_805187982300776163,['E8'],1,E8
blk_805587860540600864,['E1'],1,E1
blk_8059204889272489644,['E3'],1,E3
blk_8060713381303305129,['E10'],1,E10
blk_8063831442998721547,['E6'],1,E6
blk_8083872765147994327,['E13'],1,E13
blk_8087142318511408355,['E13'],1,E13
blk_8097409435735325492,['E11'],1,E11
blk_8102707766842966459,['E9'],1,E9
blk_8116683912654412228,['E13'],1,E13
blk_8145984793403459836,['E9'],1,E9
blk_8155177385081669900,['E8'],1,E8
blk_815809455641029563,['E8'],1,E8
blk_8181993091797661153,['E6'],1,E6
blk_8188837227311063557,['E6'],1,E6
blk_8189008752707332487,['E9'],1,E9
blk_8196657927516481490,['E7'],1,E7
blk_8201813022998766557,['E13'],1,E13
blk_8215843708467112607,['E7'],1,E7
blk_8222237992861447018,['E13'],1,E13
blk_8229193803249955061,['E10'],1,E10
blk_8229768485681546149,['E10'],1,E10
blk_8235751201501175836,['E13'],1,E13
blk_8247499802516177421,['E8'],1,E8
blk_8249475180346179102,['E6'],1,E6
blk_8254500345987409515,['E10'],1,E10
blk_826351419727053015,['E9'],1,E9
blk_8285441926344578159,['E10'],1,E10
blk_8291449241650212794,['E11'],1,E11
blk_8291708741145026623,['E9'],1,E9
blk_8302956190102508375,['E11'],1,E11
blk_8303284829424905326,['E13'],1,E13
blk_8303413189200230139,['E9'],1,E9
blk_830855781964014378,['E9'],1,E9
blk_8320088109701056055,['E10'],1,E10
blk_8323519561483823145,['E6'],1,E6
blk_8348114876238571434,['E10'],1,E10
blk_8350646254685996250,['E8'],1,E8
blk_8376667364205250596,['E3'],1,E3
blk_8384329882986724706,['E8'],1,E8
blk_8384967715738359346,['E9'],1,E9
blk_8404604116961181201,['E8'],1,E8
blk_8408125361497769001,['E11'],1,E11
blk_8418106412701718933,['E10'],1,E10
blk_8422946850755720617,['E10'],1,E10
blk_8436095180790908547,['E9'],1,E9
blk_8442157310069672329,['E8'],1,E8
blk_8452214765874767801,['E13'],1,E13
blk_8457344665564381337,['E1'],1,E1
blk_8459274965060101250,['E10'],1,E10
blk_8466246428293623262,['E3'],1,E3
blk_8473858691873523269,['E13'],1,E13
blk_8474920544984206742,['E11'],1,E11
blk_8478683141242372735,['E3'],1,E3
blk_8482111101480751895,['E1'],1,E1
blk_8483848473254499625,['E9'],1,E9
blk_8487226415276391460,['E10'],1,E10
blk_8492196963764530259,['E9'],1,E9
blk_8493856762887493521,['E8'],1,E8
blk_8512974147315737844,['E6'],1,E6
blk_8521306385156958668,['E6'],1,E6
blk_8527475857502481768,['E6'],1,E6
blk_8527562124953828227,['E6'],1,E6
blk_8550326614414622861,['E10'],1,E10
blk_8556592730481313831,['E9'],1,E9
blk_8561332122820208519,['E7'],1,E7
blk_8574493302165689212,['E13'],1,E13
blk_8591104451552720112,['E1'],1,E1
blk_8596624696139957935,"['E13', 'E7']",2,E13 E7
blk_859668537217019080,['E10'],1,E10
blk_8598135237831029828,['E9'],1,E9
blk_8602496359012842630,['E8'],1,E8
blk_8615522912610884162,['E9'],1,E9
blk_865453227320668516,['E8'],1,E8
blk_8655748951361667770,['E11'],1,E11
blk_8663640697928077697,['E6'],1,E6
blk_8692428775973608797,['E13'],1,E13
blk_8693774866554287286,['E9'],1,E9
blk_8699194381234371727,['E11'],1,E11
blk_8699831307500970779,['E9'],1,E9
blk_8708862520108736953,['E7'],1,E7
blk_8711213005689112399,['E1'],1,E1
blk_8716294289715825928,['E7'],1,E7
blk_871974742726663441,['E10'],1,E10
blk_8751697793900992450,['E11'],1,E11
blk_8752665860595246441,['E13'],1,E13
blk_8761138012128091849,['E9'],1,E9
blk_8761786041973172187,['E6'],1,E6
blk_8763662564934652249,['E6'],1,E6
blk_8772892713521115147,['E11'],1,E11
blk_8787656642683881295,['E1'],1,E1
blk_8829027411458566099,['E11'],1,E11
blk_8842097432176169457,['E10'],1,E10
blk_8850044049297409379,['E6'],1,E6
blk_8854625173826438305,['E10'],1,E10
blk_8861349372992394289,['E7'],1,E7
blk_8871064397020855320,['E8'],1,E8
blk_8882415653769775762,['E10'],1,E10
blk_8894334107354324777,['E6'],1,E6
blk_8902425017314766082,['E11'],1,E11
blk_8907528844412790999,['E13'],1,E13
blk_8924207394547472950,['E7'],1,E7
blk_892900079071425422,['E11'],1,E11
blk_8929806114713265094,['E9'],1,E9
blk_8935202950442998446,['E7'],1,E7
blk_8942969309743886844,['E13'],1,E13
blk_8950932638808086257,['E9'],1,E9
blk_8952177028039691517,['E6'],1,E6
blk_8962411947457130719,['E9'],1,E9
blk_8968608251219902913,['E11'],1,E11
blk_8971893898579544235,['E10'],1,E10
blk_8981795097778421111,['E8'],1,E8
blk_8988793695103110546,['E6'],1,E6
blk_8992894896370738220,['E13'],1,E13
blk_8993862241777591326,['E11'],1,E11
blk_9014154925388243050,['E9'],1,E9
blk_901963876338651405,['E9'],1,E9
blk_9034824096129858680,['E13'],1,E13
blk_9034993982993401678,['E7'],1,E7
blk_903961454948542202,['E10'],1,E10
blk_9060964400089016309,['E6'],1,E6
blk_9072486569292195232,['E11'],1,E11
blk_9072829105973334075,['E6'],1,E6
blk_9074030793567748915,['E10'],1,E10
blk_9074726164158535746,['E13'],1,E13
blk_9076677650086747187,['E13'],1,E13
blk_9081834782322008396,['E9'],1,E9
blk_9085898147979939648,['E8'],1,E8
blk_9093049293972551787,['E10'],1,E10
blk_9093176996492793041,['E6'],1,E6
blk_9095955277706686312,['E3'],1,E3
blk_9103049989653819836,['E11'],1,E11
blk_9107849594802857322,['E10'],1,E10
blk_9111860234027679206,['E8'],1,E8
blk_9121519145462575118,['E13'],1,E13
blk_9131004320470011870,['E13'],1,E13
blk_9142114171015520823,['E9'],1,E9
blk_9146254623576405494,['E13'],1,E13
blk_9163807899833139121,['E6'],1,E6
blk_9169945668827621796,['E9'],1,E9
blk_9173199815015538212,['E9'],1,E9
blk_9188832735514090334,['E14'],1,E14
blk_9212264480425680329,['E11'],1,E11
blk_9216955386716663841,['E1'],1,E1
blk_92273823183917102,['E13'],1,E13
blk_92946806844541836,['E9'],1,E9
blk_931297048899943584,['E13'],1,E13
blk_939695665085237271,['E6'],1,E6
blk_955083461510572332,['E11'],1,E11
blk_995094303184954394,['E13'],1,E13
